player_id,name,hometown,positions,year,height,weight,season_wins,season_losses,season_games,season_ppg,season_opp_ppg,season_total,season_opp_total,class,performances,height_inches,weight_lbs
-2199100310780146304,daniel david,"hoschton, ga.",qb,2019,"6'1""",212 lbs,0,0,14,37.86,0,530.0,0,sr.,[],7.0,212.0
5877557319760821108,quae drake,"wadley, al.",db,2019,"6'2""",193 lbs,0,0,14,37.86,0,530.0,0,fr.,[],8.0,193.0
-6234343334612728370,tj reed,"daphne, ala.",rb,2019,"5'9""",173 lbs,0,0,14,37.86,0,530.0,0,sr.,[],14.0,173.0
-5927054361151068277,iaan cousin,"carrollton, ga.",rb,2019,"6'0""",165 lbs,0,0,14,37.86,0,530.0,0,fr.,[],6.0,165.0
-5927054361151068277,iaan cousin,"carrollton, ga.",rb,2021,"6'0""",165 lbs,0,0,13,32.85,0,427.0,0,jr.,[],6.0,165.0
-5927054361151068277,iaan cousin,"carrollton, ga.",rb,2022,"6'0""",160 lbs,0,0,11,27.45,0,302.0,0,so.,[],6.0,160.0
-3790541289829978896,brandon simmons,"pleasant grove, ala.",rb,2019,"6'0""",229 lbs,0,0,14,37.86,0,530.0,0,jr.,[],6.0,229.0
7916634151356719922,monte jones,"cleveland, ohio",wr,2019,"6'4""",214 lbs,0,0,14,37.86,0,530.0,0,sr.,[],10.0,214.0
-2929830517203130384,dorian walker,"tallulah, la.",db,2019,"6'0""",181 lbs,0,0,14,37.86,0,530.0,0,sr.,[],6.0,181.0
4602468011215733824,shaquil terry,"bessemer, ala.",rb,2019,"5'9""",172 lbs,0,0,14,37.86,0,530.0,0,jr.,[],14.0,172.0
-9014047338409495867,tommy bryant,"tuscaloosa, ala.",qb,2019,"6'1""",190 lbs,0,0,14,37.86,0,530.0,0,jr.,[],7.0,190.0
-6375209885997626722,antavius grier,"jackson, ga.",rb,2019,"5'9""",158 lbs,0,0,14,37.86,0,530.0,0,so.,[],14.0,158.0
-1719677223532821761,nykeem farrow,"cochran, ga.",rb,2019,"5'9""",165 lbs,0,0,14,37.86,0,530.0,0,fr.,[],14.0,165.0
-1719677223532821761,nykeem farrow,"cochran, ga.",rb,2021,"5'9""",170 lbs,0,0,13,32.85,0,427.0,0,jr.,[],14.0,170.0
-1719677223532821761,nykeem farrow,"cochran, ga.",rb,2022,"5'9""",170 lbs,0,0,11,27.45,0,302.0,0,so.,[],14.0,170.0
1648663158425963113,adeolu adeleke,"conyers, ga.",rb,2019,"5'10""",189 lbs,0,0,14,37.86,0,530.0,0,so.,[],15.0,189.0
1648663158425963113,adeolu adeleke,"conyers, ga.",rb,2021,"5'10""",185 lbs,0,0,13,32.85,0,427.0,0,sr.,[],15.0,185.0
-9109784246322792309,d'andre ferguson,"kennesaw, ga.",db,2019,"5'10""",170 lbs,0,0,14,37.86,0,530.0,0,fr.,[],15.0,170.0
162207649290345568,jalen jackson,"powder springs, ga.",wr,2019,"6'2""",197 lbs,0,0,14,37.86,0,530.0,0,fr.,[],8.0,197.0
4068005562970129940,isaac foster,"summerville, ga.","rb,wr",2019,"5'10""",165 lbs,0,0,14,37.86,0,530.0,0,gr.,[],15.0,165.0
4068005562970129940,isaac foster,"summerville, ga.","rb,wr",2021,"5'10""",170 lbs,0,0,13,32.85,0,427.0,0,so.,[],15.0,170.0
4068005562970129940,isaac foster,"summerville, ga.","rb,wr",2022,"5'10""",175 lbs,0,0,11,27.45,0,302.0,0,sr.,[],15.0,175.0
4068005562970129940,isaac foster,"summerville, ga.","rb,wr",2023,"5'10""",175 lbs,0,0,9,26.11,0,235.0,0,,[],15.0,175.0
-1784759497773491857,chavis marshall,"sylvester, ga.",wr,2019,"6'3""",179 lbs,0,0,14,37.86,0,530.0,0,fr.,[],9.0,179.0
-1784759497773491857,chavis marshall,"sylvester, ga.",wr,2021,"6'3""",190 lbs,0,0,13,32.85,0,427.0,0,jr.,[],9.0,190.0
-1784759497773491857,chavis marshall,"sylvester, ga.",wr,2022,"6'3""",195 lbs,0,0,11,27.45,0,302.0,0,,[],9.0,195.0
7669545303787242741,xavier shepherd,"nashville, tenn.",qb,2019,"6'0""",190 lbs,0,0,14,37.86,0,530.0,0,fr.,[],6.0,190.0
7669545303787242741,xavier shepherd,"nashville, tenn.",qb,2021,"6'0""",205 lbs,0,0,13,32.85,0,427.0,0,jr.,[],6.0,205.0
7669545303787242741,xavier shepherd,"nashville, tenn.",qb,2022,"6'0""",205 lbs,0,0,11,27.45,0,302.0,0,so.,[],6.0,205.0
-3181763093662486551,kj hancock,"suwanee, ga.",wr,2019,"6'1""",210 lbs,0,0,14,37.86,0,530.0,0,jr.,[],7.0,210.0
-2309216227005511648,jonathan murphy,"los angeles, calif.",qb,2019,"6'0""",190 lbs,0,0,14,37.86,0,530.0,0,gr.,[],6.0,190.0
-2309216227005511648,jonathan murphy,"los angeles, calif.",qb,2021,"6'0""",195 lbs,0,0,13,32.85,0,427.0,0,jr.,[],6.0,195.0
-2309216227005511648,jonathan murphy,"los angeles, calif.",qb,2022,"6'0""",190 lbs,0,0,11,27.45,0,302.0,0,so.,[],6.0,190.0
-2309216227005511648,jonathan murphy,"los angeles, calif.",qb,2023,"6'0""",190 lbs,0,0,9,26.11,0,235.0,0,sr.,[],6.0,190.0
8441711786722227907,cincere  mason,"atlanta, ga.",db,2019,"6'0""",212 lbs,0,0,14,37.86,0,530.0,0,so.,[],6.0,212.0
8955039362648378752,le'vonte larry,"jesup, ga.",db,2019,"5'9""",181 lbs,0,0,14,37.86,0,530.0,0,sr.,[],14.0,181.0
8385171371236792560,demetrius  pettway,"phenix city, ala.",lb,2019,"6'1""",186 lbs,0,0,14,37.86,0,530.0,0,so.,[],7.0,186.0
6028112598813120448,markeith  montgomery,"flintstone, ga.",db,2019,"5'9""",172 lbs,0,0,14,37.86,0,530.0,0,fr.,[],14.0,172.0
6028112598813120448,markeith  montgomery,"flintstone, ga.",db,2021,"5'10""",195 lbs,0,0,13,32.85,0,427.0,0,gr.,[],15.0,195.0
6028112598813120448,markeith  montgomery,"flintstone, ga.",db,2022,"5'10""",185 lbs,0,0,11,27.45,0,302.0,0,jr.,[],15.0,185.0
6028112598813120448,markeith  montgomery,"flintstone, ga.",db,2023,"5'10""",190 lbs,0,0,9,26.11,0,235.0,0,sr.,[],15.0,190.0
-3006002698871400592,kevin  ficklin,"dacula, ga.",rb,2019,"5'6""",187 lbs,0,0,14,37.86,0,530.0,0,sr.,[],11.0,187.0
-6225714987735583822,jeremiah compton,"waverly, ga.",db,2019,"6'1""",191 lbs,0,0,14,37.86,0,530.0,0,fr.,[],7.0,191.0
-6225714987735583822,jeremiah compton,"waverly, ga.",db,2021,"6'1""",190 lbs,0,0,13,32.85,0,427.0,0,jr.,[],7.0,190.0
8011158723305398609,je'cory  burks,"perry, ga.",db,2019,"6'0""",167 lbs,0,0,14,37.86,0,530.0,0,fr.,[],6.0,167.0
8011158723305398609,je'cory  burks,"perry, ga.",db,2021,"6'0""",195 lbs,0,0,13,32.85,0,427.0,0,jr.,[],6.0,195.0
8011158723305398609,je'cory  burks,"perry, ga.",db,2022,"6'0""",195 lbs,0,0,11,27.45,0,302.0,0,sr.,[],6.0,195.0
-8037098511291608718,sam outlaw,"cumming, ga.",rb,2019,"6'1""",221 lbs,0,0,14,37.86,0,530.0,0,jr.,[],7.0,221.0
7649919292497171689,preston daniels,"sandersville, ga.","rb,te",2019,"5'11""",225 lbs,0,0,14,37.86,0,530.0,0,fr.,[],16.0,225.0
7649919292497171689,preston daniels,"sandersville, ga.","rb,te",2020,"5'11""",250 lbs,0,0,5,29.6,0,148.0,0,jr.,[],16.0,250.0
7649919292497171689,preston daniels,"sandersville, ga.","rb,te",2021,"5'11""",250 lbs,0,0,13,32.85,0,427.0,0,r-sr.,[],16.0,250.0
7649919292497171689,preston daniels,"sandersville, ga.","rb,te",2022,"5'11""",255 lbs,0,0,11,27.45,0,302.0,0,so.,[],16.0,255.0
7649919292497171689,preston daniels,"sandersville, ga.","rb,te",2023,"5'11""",260 lbs,0,0,9,26.11,0,235.0,0,sr.,[],16.0,260.0
7649919292497171689,preston daniels,"sandersville, ga.","rb,te",2024,"5'11""",250 lbs,0,0,4,12.25,0,49.0,0,,[],16.0,250.0
-535886345693374288,adesola abisoye,"loganville, ga.",db,2019,"5'10""",186 lbs,0,0,14,37.86,0,530.0,0,jr.,[],15.0,186.0
-1451483031178667812,cole loden,"st. mary's, ga.",db,2019,"5'11""",176 lbs,0,0,14,37.86,0,530.0,0,so.,[],16.0,176.0
-1451483031178667812,cole loden,"st. mary's, ga.",db,2021,"5'11""",185 lbs,0,0,13,32.85,0,427.0,0,sr.,[],16.0,185.0
-6145447207920280577,camari louis,"moultrie, ga.",db,2019,"5'10""",180 lbs,0,0,14,37.86,0,530.0,0,fr.,[],15.0,180.0
-6311159064919096798,benjamin bobby,"powder springs, ga.",db,2019,"5'7""",176 lbs,0,0,14,37.86,0,530.0,0,jr.,[],12.0,176.0
-2825080032402077289,cade radam,"canton, ga.",rb,2019,"6'0""",205 lbs,0,0,14,37.86,0,530.0,0,fr.,[],6.0,205.0
-2825080032402077289,cade radam,"canton, ga.",rb,2021,"6'0""",205 lbs,0,0,13,32.85,0,427.0,0,so.,[],6.0,205.0
330624342023904872,bryson  perry,"canton, ga.",db,2019,"5'9""",181 lbs,0,0,14,37.86,0,530.0,0,so.,[],14.0,181.0
-8800767053090412478,clayton nelson,"buford, ga.","db,wr",2019,"6'0""",188 lbs,0,0,14,37.86,0,530.0,0,fr.,[],6.0,188.0
-8800767053090412478,clayton nelson,"buford, ga.","db,wr",2021,"6'0""",185 lbs,0,0,13,32.85,0,427.0,0,jr.,[],6.0,185.0
-8800767053090412478,clayton nelson,"buford, ga.","db,wr",2022,"6'0""",190 lbs,0,0,11,27.45,0,302.0,0,sr.,[],6.0,190.0
-9155044181336911322,bronson rechsteiner,"acworth, ga.",rb,2019,"6'0""",230 lbs,0,0,14,37.86,0,530.0,0,sr.,[],6.0,230.0
6362865981519822867,donte justice,"gordon, ga.",db,2019,"5'11""",175 lbs,0,0,14,37.86,0,530.0,0,fr.,[],16.0,175.0
6362865981519822867,donte justice,"gordon, ga.",db,2021,"5'11""",180 lbs,0,0,13,32.85,0,427.0,0,so.,[],16.0,180.0
-1182770590190411635,cole gilley,"fayetteville, ga.",rb,2019,"5'10""",206 lbs,0,0,14,37.86,0,530.0,0,fr.,[],15.0,206.0
1724156505539585439,william jenkins,"decatur, ga.",lb,2019,"6'0""",200 lbs,0,0,14,37.86,0,530.0,0,fr.,[],6.0,200.0
1724156505539585439,william jenkins,"decatur, ga.",lb,2021,"6'0""",200 lbs,0,0,13,32.85,0,427.0,0,jr.,[],6.0,200.0
1724156505539585439,william jenkins,"decatur, ga.",lb,2022,"6'0""",215 lbs,0,0,11,27.45,0,302.0,0,so.,[],6.0,215.0
-565922991727369408,troy henderson,"cleveland, ohio",lb,2019,"5'11""",223 lbs,0,0,14,37.86,0,530.0,0,gr.,[],16.0,223.0
6540912908421478737,kareem taylor,"rincon, ga.",lb,2019,"6'0""",223 lbs,0,0,14,37.86,0,530.0,0,jr.,[],6.0,223.0
-1677269368524372042,campbell price,"woodstock, ga.",lb,2019,"5'10""",190 lbs,0,0,14,37.86,0,530.0,0,fr.,[],15.0,190.0
869698771418762915,bryson armstrong,"marietta, ga.",lb,2019,"5'11""",212 lbs,0,0,14,37.86,0,530.0,0,jr.,[],16.0,212.0
444633388746138596,courtney mills,"powder springs, ga.",lb,2019,"6'1""",240 lbs,0,0,14,37.86,0,530.0,0,so.,[],7.0,240.0
-3738978061214017963,charlie patrick,"atlanta, ga.",lb,2019,"6'0""",215 lbs,0,0,14,37.86,0,530.0,0,jr.,[],6.0,215.0
-2130415496146010026,drew sheehan,"woodstock, ga.",te,2019,"6'2""",215 lbs,0,0,14,37.86,0,530.0,0,fr.,[],8.0,215.0
-8957478813215450702,cade loden,"st. mary's, ga.","db,wr",2019,"6'0""",170 lbs,0,0,14,37.86,0,530.0,0,fr.,[],6.0,170.0
-8957478813215450702,cade loden,"st. mary's, ga.","db,wr",2021,"6'0""",175 lbs,0,0,13,32.85,0,427.0,0,jr.,[],6.0,175.0
-8957478813215450702,cade loden,"st. mary's, ga.","db,wr",2022,"6'0""",180 lbs,0,0,11,27.45,0,302.0,0,so.,[],6.0,180.0
5849488724821169327,tanner jones,"kennesaw, ga.",wr,2019,"5'10""",174 lbs,0,0,14,37.86,0,530.0,0,sr.,[],15.0,174.0
6520217046762411304,kyle glover,"eastman, ga.",rb,2019,"5'11""",204 lbs,0,0,14,37.86,0,530.0,0,gr.,[],16.0,204.0
6520217046762411304,kyle glover,"eastman, ga.",rb,2021,"5'11""",215 lbs,0,0,13,32.85,0,427.0,0,jr.,[],16.0,215.0
-1278362604058341684,jack ness,"buford, ga.",lb,2019,"6'0""",203 lbs,0,0,14,37.86,0,530.0,0,so.,[],6.0,203.0
-8289404720410712541,chance bates,"muscle shoals, ala.",lb,2019,"6'0""",248 lbs,0,0,14,37.86,0,530.0,0,so.,[],6.0,248.0
-8289404720410712541,chance bates,"muscle shoals, ala.",lb,2021,"6'0""",240 lbs,0,0,13,32.85,0,427.0,0,sr.,[],6.0,240.0
524901878487959352,terrell paxton,"stone mountain, ga.",ol,2019,"6'0""",304 lbs,0,0,14,37.86,0,530.0,0,fr.,[],6.0,304.0
524901878487959352,terrell paxton,"stone mountain, ga.",ol,2021,"6'0""",310 lbs,0,0,13,32.85,0,427.0,0,gr.,[],6.0,310.0
524901878487959352,terrell paxton,"stone mountain, ga.",ol,2022,"6'0""",310 lbs,0,0,11,27.45,0,302.0,0,jr.,[],6.0,310.0
524901878487959352,terrell paxton,"stone mountain, ga.",ol,2023,"6'0""",315 lbs,0,0,9,26.11,0,235.0,0,sr.,[],6.0,315.0
-8102708638400881851,jake stewart,"sugar hill, ga.",lb,2019,"6'0""",210 lbs,0,0,14,37.86,0,530.0,0,fr.,[],6.0,210.0
-7905506812362377618,kelcy  allen,"smith station, ala.",dl,2019,"6'1""",267 lbs,0,0,14,37.86,0,530.0,0,fr.,[],7.0,267.0
-7905506812362377618,kelcy  allen,"smith station, ala.",dl,2021,"6'1""",240 lbs,0,0,13,32.85,0,427.0,0,jr.,[],7.0,240.0
2900818267210039253,antwann fann,"perry, ga.",ol,2019,"6'3""",320 lbs,0,0,14,37.86,0,530.0,0,fr.,[],9.0,320.0
-8770038482418902957,chad goddard,"marietta, ga.",lb,2019,"6'1""",207 lbs,0,0,14,37.86,0,530.0,0,fr.,[],7.0,207.0
-2917611370516431624,demetric barnes,"stone mountain, ga.",dl,2019,"6'4""",255 lbs,0,0,14,37.86,0,530.0,0,fr.,[],10.0,255.0
-2917611370516431624,demetric barnes,"stone mountain, ga.",dl,2021,"6'4""",295 lbs,0,0,13,32.85,0,427.0,0,jr.,[],10.0,295.0
-2917611370516431624,demetric barnes,"stone mountain, ga.",dl,2022,"6'4""",235 lbs,0,0,11,27.45,0,302.0,0,so.,[],10.0,235.0
-2917611370516431624,demetric barnes,"stone mountain, ga.",dl,2023,"6'4""",255 lbs,0,0,9,26.11,0,235.0,0,sr.,[],10.0,255.0
-817432730478886107,jake lassiter,"coral springs, fla.",ol,2019,"6'1""",240 lbs,0,0,14,37.86,0,530.0,0,gr.,[],7.0,240.0
-817432730478886107,jake lassiter,"coral springs, fla.",ol,2021,"6'1""",240 lbs,0,0,13,32.85,0,427.0,0,jr.,[],7.0,240.0
-3472383350059771335,andrew butcher,"alpharetta, ga.",dl,2019,"6'3""",262 lbs,0,0,14,37.86,0,530.0,0,sr.,[],9.0,262.0
-650215192770703638,tyler moore,"phenix city, ala.",dl,2019,"6'1""",259 lbs,0,0,14,37.86,0,530.0,0,so.,[],7.0,259.0
-650215192770703638,tyler moore,"phenix city, ala.",dl,2021,"6'1""",250 lbs,0,0,13,32.85,0,427.0,0,sr.,[],7.0,250.0
8376921403183046503,"desmond johnson, jr.","rome, ga.",dl,2019,"6'2""",233 lbs,0,0,14,37.86,0,530.0,0,sr.,[],8.0,233.0
-4792980419649589447,devin floyd,"rome, ga.",ol,2019,"6'1""",270 lbs,0,0,14,37.86,0,530.0,0,fr.,[],7.0,270.0
-4792980419649589447,devin floyd,"rome, ga.",ol,2021,"6'1""",270 lbs,0,0,13,32.85,0,427.0,0,so.,[],7.0,270.0
-9207811809486995607,alexzander feliz,"davie, fla.",ol,2019,"6'1""",290 lbs,0,0,14,37.86,0,530.0,0,jr.,[],7.0,290.0
7111942735382406357,chris dye,"greenville, miss.",ol,2019,"6'3""",296 lbs,0,0,14,37.86,0,530.0,0,jr.,[],9.0,296.0
-728099077344823870,savon  simmons,"fayetteville, ga.",ol,2019,"6'2""",246 lbs,0,0,14,37.86,0,530.0,0,so.,[],8.0,246.0
-4888134377894706753,jacob potter,"adairsville, ga.",ls,2019,"6'0""",241 lbs,0,0,14,37.86,0,530.0,0,so.,[],6.0,241.0
-4888134377894706753,jacob potter,"adairsville, ga.",ls,2021,"6'0""",235 lbs,0,0,13,32.85,0,427.0,0,sr.,[],6.0,235.0
-9219583723524095116,kedrick harvey,"cusseta, ga.",c,2019,"6'0""",270 lbs,0,0,14,37.86,0,530.0,0,fr.,[],6.0,270.0
-7928995967323885074,matt olson,"cumming, ga.",ol,2019,"6'3""",290 lbs,0,0,14,37.86,0,530.0,0,gr.,[],9.0,290.0
-7928995967323885074,matt olson,"cumming, ga.",ol,2021,"6'3""",295 lbs,0,0,13,32.85,0,427.0,0,so.,[],9.0,295.0
-7928995967323885074,matt olson,"cumming, ga.",ol,2022,"6'3""",285 lbs,0,0,11,27.45,0,302.0,0,sr.,[],9.0,285.0
-8803988715583091877,zion katina,"franklin, tenn.",ol,2019,"6'2""",282 lbs,0,0,14,37.86,0,530.0,0,fr.,[],8.0,282.0
-8803988715583091877,zion katina,"franklin, tenn.",ol,2021,"6'2""",285 lbs,0,0,13,32.85,0,427.0,0,jr.,[],8.0,285.0
-8803988715583091877,zion katina,"franklin, tenn.",ol,2022,"6'2""",285 lbs,0,0,11,27.45,0,302.0,0,sr.,[],8.0,285.0
-6451680216167661727,eli spivey,"woodstock, ga.",ls,2019,"6'1""",195 lbs,0,0,14,37.86,0,530.0,0,fr.,[],7.0,195.0
9037929669462546772,sean brown,"macon, ga.",ol,2019,"6'2""",263 lbs,0,0,14,37.86,0,530.0,0,so.,[],8.0,263.0
9037929669462546772,sean brown,"macon, ga.",ol,2021,"6'2""",265 lbs,0,0,13,32.85,0,427.0,0,sr.,[],8.0,265.0
391405150369501823,rj pettaway,"newnan, ga.",ol,2019,"6'3""",302 lbs,0,0,14,37.86,0,530.0,0,fr.,[],9.0,302.0
5769109309421200090,william nana fabu,"columbus, ga.",ol,2019,"6'1""",274 lbs,0,0,14,37.86,0,530.0,0,so.,[],7.0,274.0
5769109309421200090,william nana fabu,"columbus, ga.",ol,2021,"6'1""",275 lbs,0,0,13,32.85,0,427.0,0,sr.,[],7.0,275.0
6142633265246034886,desmond scott,"pinson, ala.",dl,2019,"6'0""",305 lbs,0,0,14,37.86,0,530.0,0,gr.,[],6.0,305.0
6142633265246034886,desmond scott,"pinson, ala.",dl,2021,"6'0""",285 lbs,0,0,13,32.85,0,427.0,0,so.,[],6.0,285.0
6142633265246034886,desmond scott,"pinson, ala.",dl,2022,"6'0""",285 lbs,0,0,11,27.45,0,302.0,0,sr.,[],6.0,285.0
5142886396068330766,sam white,"fayetteville, ga.",ol,2019,"6'2""",261 lbs,0,0,14,37.86,0,530.0,0,fr.,[],8.0,261.0
5268318564022641086,zach thompson,"swainsboro, ga.",ol,2019,"6'4""",271 lbs,0,0,14,37.86,0,530.0,0,jr.,[],10.0,271.0
3761806260139858917,travis simmons,"savannah, ga.",db,2019,"6'3""",185 lbs,0,0,14,37.86,0,530.0,0,jr.,[],9.0,185.0
1411743791203445038,talon gamble,"columbus, ga.",,2019,"6'2""",282 lbs,0,0,14,37.86,0,530.0,0,fr.,[],8.0,282.0
7493535121479705282,traveon latimore,"colbert, ga.",wr,2019,"6'1""",200 lbs,0,0,14,37.86,0,530.0,0,fr.,[],7.0,200.0
7493535121479705282,traveon latimore,"colbert, ga.",wr,2021,"6'1""",200 lbs,0,0,13,32.85,0,427.0,0,so.,[],7.0,200.0
8132398974335662172,adrian jackson,"hoschton, ga.",te,2019,"6'2""",221 lbs,0,0,14,37.86,0,530.0,0,fr.,[],8.0,221.0
8385691421516034821,oscar gonzalez,"dalton, ga.",wr,2019,"6'4""",209 lbs,0,0,14,37.86,0,530.0,0,fr.,[],10.0,209.0
8385691421516034821,oscar gonzalez,"dalton, ga.",wr,2021,"6'4""",235 lbs,0,0,13,32.85,0,427.0,0,jr.,[],10.0,235.0
8385691421516034821,oscar gonzalez,"dalton, ga.",wr,2022,"6'4""",230 lbs,0,0,11,27.45,0,302.0,0,sr.,[],10.0,230.0
7097395650372362901,will  haigler,"tallahassee, fla.",wr,2019,"6'1""",206 lbs,0,0,14,37.86,0,530.0,0,fr.,[],7.0,206.0
7097395650372362901,will  haigler,"tallahassee, fla.",wr,2021,"6'1""",210 lbs,0,0,13,32.85,0,427.0,0,jr.,[],7.0,210.0
-4181819592344369908,sean henderson,"norcross, ga.",k,2019,"6'1""",181 lbs,0,0,14,37.86,0,530.0,0,fr.,[],7.0,181.0
-6876990233867553158,caleb o'neal,"chickamauga, ga.",wr,2019,"6'2""",190 lbs,0,0,14,37.86,0,530.0,0,gr.,[],8.0,190.0
-6876990233867553158,caleb o'neal,"chickamauga, ga.",wr,2021,"6'2""",200 lbs,0,0,13,32.85,0,427.0,0,jr.,[],8.0,200.0
2356899149483537382,ryan pontrelli,"cumming, ga.",wr,2019,"6'3""",173 lbs,0,0,14,37.86,0,530.0,0,fr.,[],9.0,173.0
-2103939251920791645,nathan robertson,"columbus, ga.",k,2019,"5'10""",160 lbs,0,0,14,37.86,0,530.0,0,gr.,[],15.0,160.0
-2103939251920791645,nathan robertson,"columbus, ga.",k,2021,"5'10""",160 lbs,0,0,13,32.85,0,427.0,0,so.,[],15.0,160.0
-2103939251920791645,nathan robertson,"columbus, ga.",k,2022,"5'10""",160 lbs,0,0,11,27.45,0,302.0,0,sr.,[],15.0,160.0
6360641626856210305,marquez baxter,"macon, ga.",dl,2019,"6'3""",190 lbs,0,0,14,37.86,0,530.0,0,fr.,[],9.0,190.0
-9076714896912105625,hayden jenkins,"griffin, ga.",k,2019,"6'0""",170 lbs,0,0,14,37.86,0,530.0,0,fr.,[],6.0,170.0
-5973493031292780977,nicholas jones,"grayson, ga.",p,2019,"6'1""",191 lbs,0,0,14,37.86,0,530.0,0,jr.,[],7.0,191.0
-9083812620514753154,kyle arrasmith,"navarre, fla.",dl,2019,"6'5""",273 lbs,0,0,14,37.86,0,530.0,0,sr.,[],11.0,273.0
257690499922903183,jayden barron,"thomaston, ga.",dl,2019,"6'2""",285 lbs,0,0,14,37.86,0,530.0,0,fr.,[],8.0,285.0
257690499922903183,jayden barron,"thomaston, ga.",dl,2021,"6'2""",285 lbs,0,0,13,32.85,0,427.0,0,jr.,[],8.0,285.0
257690499922903183,jayden barron,"thomaston, ga.",dl,2022,"6'2""",280 lbs,0,0,11,27.45,0,302.0,0,sr.,[],8.0,280.0
-9160879969549637191,kerick reese,"stockbridge, ga.",dl,2019,"6'2""",220 lbs,0,0,14,37.86,0,530.0,0,fr.,[],8.0,220.0
-9160879969549637191,kerick reese,"stockbridge, ga.",dl,2021,"6'2""",220 lbs,0,0,13,32.85,0,427.0,0,so.,[],8.0,220.0
-3425529283675366015,joel parker,"birmingham, ala.",dl,2019,"6'0""",240 lbs,0,0,14,37.86,0,530.0,0,fr.,[],6.0,240.0
-3425529283675366015,joel parker,"birmingham, ala.",dl,2021,"6'0""",250 lbs,0,0,13,32.85,0,427.0,0,jr.,[],6.0,250.0
-3425529283675366015,joel parker,"birmingham, ala.",dl,2022,"6'0""",250 lbs,0,0,11,27.45,0,302.0,0,sr.,[],6.0,250.0
-2379708243538098094,travis  bell,"montgomery, ala.",dl,2019,"6'1""",280 lbs,0,0,14,37.86,0,530.0,0,gr.,[],7.0,280.0
-2379708243538098094,travis  bell,"montgomery, ala.",dl,2021,"6'1""",280 lbs,0,0,13,32.85,0,427.0,0,so.,[],7.0,280.0
-2379708243538098094,travis  bell,"montgomery, ala.",dl,2022,"6'1""",305 lbs,0,0,11,27.45,0,302.0,0,sr.,[],7.0,305.0
1132306950140817466,jeremy dees,"evergreen, ala.",dl,2019,"6'1""",255 lbs,0,0,14,37.86,0,530.0,0,fr.,[],7.0,255.0
-7428567119954696747,peyton moore,"hoschton, ga.",dl,2019,"6'2""",237 lbs,0,0,14,37.86,0,530.0,0,jr.,[],8.0,237.0
-5237970186969599167,adam posey,"cordele, ga.",,2019,"6'2""",198 lbs,0,0,14,37.86,0,530.0,0,fr.,[],8.0,198.0
4186336241918388107,michael benefield,"atlanta, ga.",rb,2020,"5'7""",205 lbs,0,0,5,29.6,0,148.0,0,jr.,[],12.0,205.0
4186336241918388107,michael benefield,"atlanta, ga.",rb,2022,"5'7""",190 lbs,0,0,11,27.45,0,302.0,0,r-sr.,[],12.0,190.0
4186336241918388107,michael benefield,"atlanta, ga.",rb,2023,"5'7""",200 lbs,0,0,9,26.11,0,235.0,0,so.,[],12.0,200.0
4186336241918388107,michael benefield,"atlanta, ga.",rb,2024,"5'7""",205 lbs,0,0,4,12.25,0,49.0,0,,[],12.0,205.0
9035771498353003815,christian moss,"kennesaw, ga.",wr,2020,"6'3""",190 lbs,0,0,5,29.6,0,148.0,0,r-jr.,[],9.0,190.0
9035771498353003815,christian moss,"kennesaw, ga.",wr,2024,"6'3""",190 lbs,0,0,4,12.25,0,49.0,0,,[],9.0,190.0
2351111347267736455,khalib johnson,"birmingham, ala.",qb,2020,"6'2""",215 lbs,0,0,5,29.6,0,148.0,0,r-so.,[],8.0,215.0
2351111347267736455,khalib johnson,"birmingham, ala.",qb,2024,"6'2""",215 lbs,0,0,4,12.25,0,49.0,0,,[],8.0,215.0
7198515992558814704,gabriel benyard,"ocilla, ga.","rb,wr",2020,"5'10""",185 lbs,0,0,5,29.6,0,148.0,0,fr.,[],15.0,185.0
7198515992558814704,gabriel benyard,"ocilla, ga.","rb,wr",2021,"5'10""",180 lbs,0,0,13,32.85,0,427.0,0,jr.,[],15.0,180.0
7198515992558814704,gabriel benyard,"ocilla, ga.","rb,wr",2022,"5'10""",175 lbs,0,0,11,27.45,0,302.0,0,r-jr.,[],15.0,175.0
7198515992558814704,gabriel benyard,"ocilla, ga.","rb,wr",2023,"5'10""",185 lbs,0,0,9,26.11,0,235.0,0,so.,[],15.0,185.0
7198515992558814704,gabriel benyard,"ocilla, ga.","rb,wr",2024,"5'10""",185 lbs,0,0,4,12.25,0,49.0,0,,[],15.0,185.0
7774634702418924175,alexander diggs,"snellville, ga.",rb,2020,"5'9""",185 lbs,0,0,5,29.6,0,148.0,0,fr.,[],14.0,185.0
7774634702418924175,alexander diggs,"snellville, ga.",rb,2022,"5'9""",190 lbs,0,0,11,27.45,0,302.0,0,r-so.,[],14.0,190.0
7774634702418924175,alexander diggs,"snellville, ga.",rb,2023,"5'9""",200 lbs,0,0,9,26.11,0,235.0,0,so.,[],14.0,200.0
7774634702418924175,alexander diggs,"snellville, ga.",rb,2024,"5'9""",185 lbs,0,0,4,12.25,0,49.0,0,,[],14.0,185.0
1801865664975113000,blake bohannon,"woodstock, ga.",wr,2020,"6'1""",190 lbs,0,0,5,29.6,0,148.0,0,fr.,[],7.0,190.0
1801865664975113000,blake bohannon,"woodstock, ga.",wr,2021,"6'1""",165 lbs,0,0,13,32.85,0,427.0,0,jr.,[],7.0,165.0
1801865664975113000,blake bohannon,"woodstock, ga.",wr,2022,"6'1""",200 lbs,0,0,11,27.45,0,302.0,0,r-jr.,[],7.0,200.0
1801865664975113000,blake bohannon,"woodstock, ga.",wr,2023,"6'1""",200 lbs,0,0,9,26.11,0,235.0,0,so.,[],7.0,200.0
1801865664975113000,blake bohannon,"woodstock, ga.",wr,2024,"6'1""",190 lbs,0,0,4,12.25,0,49.0,0,,[],7.0,190.0
4436881703651853711,tykeem wallace,"thomasville, ga.","rb,wr",2020,"5'9""",165 lbs,0,0,5,29.6,0,148.0,0,fr.,[],14.0,165.0
4436881703651853711,tykeem wallace,"thomasville, ga.","rb,wr",2021,"5'9""",170 lbs,0,0,13,32.85,0,427.0,0,jr.,[],14.0,170.0
4436881703651853711,tykeem wallace,"thomasville, ga.","rb,wr",2022,"5'9""",160 lbs,0,0,11,27.45,0,302.0,0,r-jr.,[],14.0,160.0
4436881703651853711,tykeem wallace,"thomasville, ga.","rb,wr",2023,"5'9""",165 lbs,0,0,9,26.11,0,235.0,0,so.,[],14.0,165.0
4436881703651853711,tykeem wallace,"thomasville, ga.","rb,wr",2024,"5'9""",165 lbs,0,0,4,12.25,0,49.0,0,,[],14.0,165.0
-4183383263667943234,davis bryson,"woodbridge, va.",qb,2020,"5'9""",190 lbs,0,0,5,29.6,0,148.0,0,fr.,[],14.0,190.0
-4183383263667943234,davis bryson,"woodbridge, va.",qb,2022,"5'9""",175 lbs,0,0,11,27.45,0,302.0,0,r-so.,[],14.0,175.0
-4183383263667943234,davis bryson,"woodbridge, va.",qb,2023,"5'9""",190 lbs,0,0,9,26.11,0,235.0,0,so.,[],14.0,190.0
-4183383263667943234,davis bryson,"woodbridge, va.",qb,2024,"5'9""",190 lbs,0,0,4,12.25,0,49.0,0,,[],14.0,190.0
2830715705069128356,garland benyard,"ocilla, ga.",lb,2020,"6'1""",225 lbs,0,0,5,29.6,0,148.0,0,fr.,[],7.0,225.0
2830715705069128356,garland benyard,"ocilla, ga.",lb,2021,"6'1""",190 lbs,0,0,13,32.85,0,427.0,0,jr.,[],7.0,190.0
2830715705069128356,garland benyard,"ocilla, ga.",lb,2022,"6'1""",200 lbs,0,0,11,27.45,0,302.0,0,r-jr.,[],7.0,200.0
2830715705069128356,garland benyard,"ocilla, ga.",lb,2023,"6'1""",215 lbs,0,0,9,26.11,0,235.0,0,so.,[],7.0,215.0
2830715705069128356,garland benyard,"ocilla, ga.",lb,2024,"6'1""",225 lbs,0,0,4,12.25,0,49.0,0,,[],7.0,225.0
-1081348380823043524,earl woods iii,"hueytown, ala.",qb,2020,"5'10""",180 lbs,0,0,5,29.6,0,148.0,0,r-fr.,[],15.0,180.0
-1081348380823043524,earl woods iii,"hueytown, ala.",qb,2024,"5'10""",180 lbs,0,0,4,12.25,0,49.0,0,,[],15.0,180.0
7215390143767735885,preston clemmer,"alpharetta, ga.",qb,2020,"6'1""",190 lbs,0,0,5,29.6,0,148.0,0,fr.,[],7.0,190.0
7215390143767735885,preston clemmer,"alpharetta, ga.",qb,2024,"6'1""",190 lbs,0,0,4,12.25,0,49.0,0,,[],7.0,190.0
6979804462441924747,jalen barnum,"jesup, ga.",lb,2020,"6'1""",205 lbs,0,0,5,29.6,0,148.0,0,jr.,[],7.0,205.0
6979804462441924747,jalen barnum,"jesup, ga.",lb,2021,"6'1""",210 lbs,0,0,13,32.85,0,427.0,0,so.,[],7.0,210.0
6979804462441924747,jalen barnum,"jesup, ga.",lb,2022,"6'1""",195 lbs,0,0,11,27.45,0,302.0,0,sr.,[],7.0,195.0
6979804462441924747,jalen barnum,"jesup, ga.",lb,2023,"6'1""",205 lbs,0,0,9,26.11,0,235.0,0,,[],7.0,205.0
6979804462441924747,jalen barnum,"jesup, ga.",lb,2024,"6'1""",205 lbs,0,0,4,12.25,0,49.0,0,,[],7.0,205.0
-1625973333552296322,sidney porter,"fort lauderdale, fla.",db,2020,"6'0""",215 lbs,0,0,5,29.6,0,148.0,0,jr.,[],6.0,215.0
-1625973333552296322,sidney porter,"fort lauderdale, fla.",db,2023,"6'0""",215 lbs,0,0,9,26.11,0,235.0,0,r-jr.,[],6.0,215.0
-1625973333552296322,sidney porter,"fort lauderdale, fla.",db,2024,"6'0""",215 lbs,0,0,4,12.25,0,49.0,0,,[],6.0,215.0
1491846825861295335,jayven williams,"mobile, ala.",db,2020,"6'2""",175 lbs,0,0,5,29.6,0,148.0,0,fr.,[],8.0,175.0
1491846825861295335,jayven williams,"mobile, ala.",db,2022,"6'2""",170 lbs,0,0,11,27.45,0,302.0,0,r-so.,[],8.0,170.0
1491846825861295335,jayven williams,"mobile, ala.",db,2023,"6'2""",170 lbs,0,0,9,26.11,0,235.0,0,so.,[],8.0,170.0
1491846825861295335,jayven williams,"mobile, ala.",db,2024,"6'2""",175 lbs,0,0,4,12.25,0,49.0,0,,[],8.0,175.0
-3485706512279965618,braden bohannon,"woodstock, ga.",qb,2020,"6'1""",180 lbs,0,0,5,29.6,0,148.0,0,fr.,[],7.0,180.0
-3485706512279965618,braden bohannon,"woodstock, ga.",qb,2022,"6'1""",180 lbs,0,0,11,27.45,0,302.0,0,r-so.,[],7.0,180.0
-3485706512279965618,braden bohannon,"woodstock, ga.",qb,2023,"6'1""",180 lbs,0,0,9,26.11,0,235.0,0,so.,[],7.0,180.0
-3485706512279965618,braden bohannon,"woodstock, ga.",qb,2024,"6'1""",180 lbs,0,0,4,12.25,0,49.0,0,,[],7.0,180.0
5203069917404842136,lucas scheerhorn,"spring, texas",qb,2020,"6'1""",190 lbs,0,0,5,29.6,0,148.0,0,fr.,[],7.0,190.0
5203069917404842136,lucas scheerhorn,"spring, texas",qb,2024,"6'1""",190 lbs,0,0,4,12.25,0,49.0,0,,[],7.0,190.0
6165590709886116386,nick sawyer,"harvest, ala.","db,qb",2020,"5'11""",170 lbs,0,0,5,29.6,0,148.0,0,fr.,[],16.0,170.0
6165590709886116386,nick sawyer,"harvest, ala.","db,qb",2022,"5'11""",160 lbs,0,0,11,27.45,0,302.0,0,r-so.,[],16.0,160.0
6165590709886116386,nick sawyer,"harvest, ala.","db,qb",2023,"5'11""",170 lbs,0,0,9,26.11,0,235.0,0,so.,[],16.0,170.0
6165590709886116386,nick sawyer,"harvest, ala.","db,qb",2024,"5'11""",170 lbs,0,0,4,12.25,0,49.0,0,,[],16.0,170.0
-7706992593544491406,destun thomas,"cleveland, tenn.",wr,2020,"6'1""",195 lbs,0,0,5,29.6,0,148.0,0,r-so.,[],7.0,195.0
-7706992593544491406,destun thomas,"cleveland, tenn.",wr,2024,"6'1""",195 lbs,0,0,4,12.25,0,49.0,0,,[],7.0,195.0
-1840613249269487373,jasec smith,"toccoa, ga.",db,2020,"6'0""",165 lbs,0,0,5,29.6,0,148.0,0,fr.,[],6.0,165.0
-1840613249269487373,jasec smith,"toccoa, ga.",db,2024,"6'0""",165 lbs,0,0,4,12.25,0,49.0,0,,[],6.0,165.0
-5262047656462057070,javon rogers,"montevallo, ala.",wr,2020,"6'0""",170 lbs,0,0,5,29.6,0,148.0,0,fr.,[],6.0,170.0
-5262047656462057070,javon rogers,"montevallo, ala.",wr,2024,"6'0""",170 lbs,0,0,4,12.25,0,49.0,0,,[],6.0,170.0
5097244601353981459,jerico washington jr.,"atlanta, ga.",db,2020,"5'10""",175 lbs,0,0,5,29.6,0,148.0,0,fr.,[],15.0,175.0
5097244601353981459,jerico washington jr.,"atlanta, ga.",db,2023,"5'10""",165 lbs,0,0,9,26.11,0,235.0,0,r-fr.,[],15.0,165.0
5097244601353981459,jerico washington jr.,"atlanta, ga.",db,2024,"5'10""",175 lbs,0,0,4,12.25,0,49.0,0,,[],15.0,175.0
-2662118442646454877,tyler hallum,"marietta, ga.",db,2020,"5'11""",190 lbs,0,0,5,29.6,0,148.0,0,jr.,[],16.0,190.0
-2662118442646454877,tyler hallum,"marietta, ga.",db,2023,"5'11""",180 lbs,0,0,9,26.11,0,235.0,0,r-jr.,[],16.0,180.0
-2662118442646454877,tyler hallum,"marietta, ga.",db,2024,"5'11""",190 lbs,0,0,4,12.25,0,49.0,0,,[],16.0,190.0
9206617906935641144,yesiah clemons,"griffin, ga.",rb,2020,"5'10""",210 lbs,0,0,5,29.6,0,148.0,0,jr.,[],15.0,210.0
9206617906935641144,yesiah clemons,"griffin, ga.",rb,2021,"5'10""",200 lbs,0,0,13,32.85,0,427.0,0,r-sr.,[],15.0,200.0
9206617906935641144,yesiah clemons,"griffin, ga.",rb,2022,"5'10""",200 lbs,0,0,11,27.45,0,302.0,0,so.,[],15.0,200.0
9206617906935641144,yesiah clemons,"griffin, ga.",rb,2023,"5'10""",215 lbs,0,0,9,26.11,0,235.0,0,sr.,[],15.0,215.0
9206617906935641144,yesiah clemons,"griffin, ga.",rb,2024,"5'10""",210 lbs,0,0,4,12.25,0,49.0,0,,[],15.0,210.0
2582697461916829037,markell redding,"pensacola, fla.",db,2020,"6'0""",190 lbs,0,0,5,29.6,0,148.0,0,fr.,[],6.0,190.0
2582697461916829037,markell redding,"pensacola, fla.",db,2023,"6'0""",190 lbs,0,0,9,26.11,0,235.0,0,r-fr.,[],6.0,190.0
2582697461916829037,markell redding,"pensacola, fla.",db,2024,"6'0""",190 lbs,0,0,4,12.25,0,49.0,0,,[],6.0,190.0
-3711583414075866586,que billingsley,"phenix city, ala.",db,2020,"6'0""",190 lbs,0,0,5,29.6,0,148.0,0,fr.,[],6.0,190.0
-3711583414075866586,que billingsley,"phenix city, ala.",db,2023,"6'0""",195 lbs,0,0,9,26.11,0,235.0,0,r-fr.,[],6.0,195.0
-3711583414075866586,que billingsley,"phenix city, ala.",db,2024,"6'0""",190 lbs,0,0,4,12.25,0,49.0,0,,[],6.0,190.0
7655604151859027196,jackson manning,"acworth, ga.",te,2020,"6'5""",240 lbs,0,0,5,29.6,0,148.0,0,r-jr.,[],11.0,240.0
7655604151859027196,jackson manning,"acworth, ga.",te,2024,"6'5""",240 lbs,0,0,4,12.25,0,49.0,0,,[],11.0,240.0
6795798522356194565,kenai grier,"covington, ga.",rb,2020,"5'9""",190 lbs,0,0,5,29.6,0,148.0,0,fr.,[],14.0,190.0
6795798522356194565,kenai grier,"covington, ga.",rb,2023,"5'9""",200 lbs,0,0,9,26.11,0,235.0,0,r-fr.,[],14.0,200.0
6795798522356194565,kenai grier,"covington, ga.",rb,2024,"5'9""",190 lbs,0,0,4,12.25,0,49.0,0,,[],14.0,190.0
-5275002349739200982,isaac paul,"panama city, fla.",db,2020,"5'11""",170 lbs,0,0,5,29.6,0,148.0,0,fr.,[],16.0,170.0
-5275002349739200982,isaac paul,"panama city, fla.",db,2023,"5'11""",160 lbs,0,0,9,26.11,0,235.0,0,r-fr.,[],16.0,160.0
-5275002349739200982,isaac paul,"panama city, fla.",db,2024,"5'11""",170 lbs,0,0,4,12.25,0,49.0,0,,[],16.0,170.0
2269694869007902278,five hamilton,"stockbridge, ga.",db,2020,"5'10""",175 lbs,0,0,5,29.6,0,148.0,0,fr.,[],15.0,175.0
2269694869007902278,five hamilton,"stockbridge, ga.",db,2023,"5'10""",165 lbs,0,0,9,26.11,0,235.0,0,r-fr.,[],15.0,165.0
2269694869007902278,five hamilton,"stockbridge, ga.",db,2024,"5'10""",175 lbs,0,0,4,12.25,0,49.0,0,,[],15.0,175.0
-133058241813083630,david cole,"ooltewah, tenn.",wr,2020,"6'4""",180 lbs,0,0,5,29.6,0,148.0,0,fr.,[],10.0,180.0
-133058241813083630,david cole,"ooltewah, tenn.",wr,2023,"6'4""",185 lbs,0,0,9,26.11,0,235.0,0,r-fr.,[],10.0,185.0
-133058241813083630,david cole,"ooltewah, tenn.",wr,2024,"6'4""",180 lbs,0,0,4,12.25,0,49.0,0,,[],10.0,180.0
-985611963437370828,qua ashley,"dublin, ga.",rb,2020,"5'10""",195 lbs,0,0,5,29.6,0,148.0,0,fr.,[],15.0,195.0
-985611963437370828,qua ashley,"dublin, ga.",rb,2022,"5'10""",185 lbs,0,0,11,27.45,0,302.0,0,r-so.,[],15.0,185.0
-985611963437370828,qua ashley,"dublin, ga.",rb,2023,"5'10""",190 lbs,0,0,9,26.11,0,235.0,0,so.,[],15.0,190.0
-985611963437370828,qua ashley,"dublin, ga.",rb,2024,"5'10""",195 lbs,0,0,4,12.25,0,49.0,0,,[],15.0,195.0
1999233504683823723,milon jones,"marietta, ga.",db,2020,"5'11""",190 lbs,0,0,5,29.6,0,148.0,0,fr.,[],16.0,190.0
1999233504683823723,milon jones,"marietta, ga.",db,2022,"5'11""",175 lbs,0,0,11,27.45,0,302.0,0,jr.,[],16.0,175.0
1999233504683823723,milon jones,"marietta, ga.",db,2023,"5'11""",185 lbs,0,0,9,26.11,0,235.0,0,so.,[],16.0,185.0
1999233504683823723,milon jones,"marietta, ga.",db,2024,"5'11""",190 lbs,0,0,4,12.25,0,49.0,0,,[],16.0,190.0
-549000055719170720,andrew douglas,"alpharetta, ga.",db,2020,"5'11""",180 lbs,0,0,5,29.6,0,148.0,0,r-jr.,[],16.0,180.0
-549000055719170720,andrew douglas,"alpharetta, ga.",db,2024,"5'11""",180 lbs,0,0,4,12.25,0,49.0,0,,[],16.0,180.0
7222192729965635113,sulaiman bah,"lilburn, ga.",db,2020,"6'1""",185 lbs,0,0,5,29.6,0,148.0,0,jr.,[],7.0,185.0
7222192729965635113,sulaiman bah,"lilburn, ga.",db,2022,"6'1""",190 lbs,0,0,11,27.45,0,302.0,0,r-jr.,[],7.0,190.0
7222192729965635113,sulaiman bah,"lilburn, ga.",db,2023,"6'1""",185 lbs,0,0,9,26.11,0,235.0,0,so.,[],7.0,185.0
7222192729965635113,sulaiman bah,"lilburn, ga.",db,2024,"6'1""",185 lbs,0,0,4,12.25,0,49.0,0,,[],7.0,185.0
1716075973495927534,dj scott,"oviedo, fla.",rb,2020,"6'1""",195 lbs,0,0,5,29.6,0,148.0,0,fr.,[],7.0,195.0
1716075973495927534,dj scott,"oviedo, fla.",rb,2023,"6'1""",200 lbs,0,0,9,26.11,0,235.0,0,r-fr.,[],7.0,200.0
1716075973495927534,dj scott,"oviedo, fla.",rb,2024,"6'1""",195 lbs,0,0,4,12.25,0,49.0,0,,[],7.0,195.0
-1891345083752487343,rob brown,"trion, ga.",rb,2020,"6'0""",200 lbs,0,0,5,29.6,0,148.0,0,fr.,[],6.0,200.0
-1891345083752487343,rob brown,"trion, ga.",rb,2022,"6'0""",205 lbs,0,0,11,27.45,0,302.0,0,r-so.,[],6.0,205.0
-1891345083752487343,rob brown,"trion, ga.",rb,2023,"6'0""",215 lbs,0,0,9,26.11,0,235.0,0,so.,[],6.0,215.0
-1891345083752487343,rob brown,"trion, ga.",rb,2024,"6'0""",200 lbs,0,0,4,12.25,0,49.0,0,,[],6.0,200.0
-3536039616156833084,james ziglor,"marietta, ga.",db,2020,"6'0""",190 lbs,0,0,5,29.6,0,148.0,0,r-jr.,[],6.0,190.0
-3536039616156833084,james ziglor,"marietta, ga.",db,2024,"6'0""",190 lbs,0,0,4,12.25,0,49.0,0,,[],6.0,190.0
-5121212812389631071,austin white,"harrisonburg, va.",db,2020,"5'11""",195 lbs,0,0,5,29.6,0,148.0,0,sr.,[],16.0,195.0
-5121212812389631071,austin white,"harrisonburg, va.",db,2024,"5'11""",195 lbs,0,0,4,12.25,0,49.0,0,,[],16.0,195.0
7155033685790996374,chris townsel,"deerfield beach, fla.",db,2020,"6'2""",185 lbs,0,0,5,29.6,0,148.0,0,r-sr.,[],8.0,185.0
7155033685790996374,chris townsel,"deerfield beach, fla.",db,2024,"6'2""",185 lbs,0,0,4,12.25,0,49.0,0,,[],8.0,185.0
4886446458188713362,corey gardhigh,"rome, ga.",te,2020,"6'5""",210 lbs,0,0,5,29.6,0,148.0,0,fr.,[],11.0,210.0
4886446458188713362,corey gardhigh,"rome, ga.",te,2024,"6'5""",210 lbs,0,0,4,12.25,0,49.0,0,,[],11.0,210.0
-8661390468588767368,devin ross,"thomasville, ga.",db,2020,"5'11""",175 lbs,0,0,5,29.6,0,148.0,0,fr.,[],16.0,175.0
-8661390468588767368,devin ross,"thomasville, ga.",db,2024,"5'11""",175 lbs,0,0,4,12.25,0,49.0,0,,[],16.0,175.0
-7096092013259290250,terrence curtis,"atlanta, ga.",db,2020,"6'0""",170 lbs,0,0,5,29.6,0,148.0,0,fr.,[],6.0,170.0
-7096092013259290250,terrence curtis,"atlanta, ga.",db,2024,"6'0""",170 lbs,0,0,4,12.25,0,49.0,0,,[],6.0,170.0
-7601582091192627769,josh williamson,"snellville, ga.",wr,2020,"5'10""",145 lbs,0,0,5,29.6,0,148.0,0,fr.,[],15.0,145.0
-7601582091192627769,josh williamson,"snellville, ga.",wr,2023,"5'10""",150 lbs,0,0,9,26.11,0,235.0,0,r-so.,[],15.0,150.0
-7601582091192627769,josh williamson,"snellville, ga.",wr,2024,"5'10""",145 lbs,0,0,4,12.25,0,49.0,0,,[],15.0,145.0
2013317384332023666,eli leiataua,"hinesville, ga.","lb,rb,te",2020,"5'11""",215 lbs,0,0,5,29.6,0,148.0,0,fr.,[],16.0,215.0
2013317384332023666,eli leiataua,"hinesville, ga.","lb,rb,te",2022,"5'11""",215 lbs,0,0,11,27.45,0,302.0,0,jr.,[],16.0,215.0
2013317384332023666,eli leiataua,"hinesville, ga.","lb,rb,te",2023,"5'11""",220 lbs,0,0,9,26.11,0,235.0,0,so.,[],16.0,220.0
2013317384332023666,eli leiataua,"hinesville, ga.","lb,rb,te",2024,"5'11""",215 lbs,0,0,4,12.25,0,49.0,0,,[],16.0,215.0
-7496791178743968466,jaiden kimble,"columbia, s.c.",lb,2020,"6'0""",195 lbs,0,0,5,29.6,0,148.0,0,fr.,[],6.0,195.0
-7496791178743968466,jaiden kimble,"columbia, s.c.",lb,2024,"6'0""",195 lbs,0,0,4,12.25,0,49.0,0,,[],6.0,195.0
-3761170310318522623,jonathan mathis,"norcross, ga.",db,2020,"6'0""",195 lbs,0,0,5,29.6,0,148.0,0,r-fr.,[],6.0,195.0
-3761170310318522623,jonathan mathis,"norcross, ga.",db,2024,"6'0""",195 lbs,0,0,4,12.25,0,49.0,0,,[],6.0,195.0
8428107225127743901,ty brewer,"carrolton, ga.",te,2020,"5'11""",230 lbs,0,0,5,29.6,0,148.0,0,fr.,[],16.0,230.0
8428107225127743901,ty brewer,"carrolton, ga.",te,2024,"5'11""",230 lbs,0,0,4,12.25,0,49.0,0,,[],16.0,230.0
9176102896838582055,danarius johnson,"patterson, ga.","db,lb,olb",2020,"5'11""",220 lbs,0,0,5,29.6,0,148.0,0,fr.,[],16.0,220.0
9176102896838582055,danarius johnson,"patterson, ga.","db,lb,olb",2022,"5'11""",195 lbs,0,0,11,27.45,0,302.0,0,r-so.,[],16.0,195.0
9176102896838582055,danarius johnson,"patterson, ga.","db,lb,olb",2023,"5'11""",190 lbs,0,0,9,26.11,0,235.0,0,so.,[],16.0,190.0
9176102896838582055,danarius johnson,"patterson, ga.","db,lb,olb",2024,"5'11""",220 lbs,0,0,4,12.25,0,49.0,0,,[],16.0,220.0
-7113776294943997409,amir scarver,"douglasville, ga.",lb,2020,"6'0""",210 lbs,0,0,5,29.6,0,148.0,0,fr.,[],6.0,210.0
-7113776294943997409,amir scarver,"douglasville, ga.",lb,2023,"6'0""",210 lbs,0,0,9,26.11,0,235.0,0,r-fr.,[],6.0,210.0
-7113776294943997409,amir scarver,"douglasville, ga.",lb,2024,"6'0""",210 lbs,0,0,4,12.25,0,49.0,0,,[],6.0,210.0
3329988765664102337,isaiah williams,"jasper, ga.",te,2020,"6'3""",235 lbs,0,0,5,29.6,0,148.0,0,fr.,[],9.0,235.0
3329988765664102337,isaiah williams,"jasper, ga.",te,2024,"6'3""",235 lbs,0,0,4,12.25,0,49.0,0,,[],9.0,235.0
1778124072042308543,timothy sturdivant jr.,"powder springs, ga.",olb,2020,"6'2""",205 lbs,0,0,5,29.6,0,148.0,0,fr.,[],8.0,205.0
1778124072042308543,timothy sturdivant jr.,"powder springs, ga.",olb,2024,"6'2""",205 lbs,0,0,4,12.25,0,49.0,0,,[],8.0,205.0
-2284024998484265148,jamar rucks,"buford, ga.","dl,olb",2020,"6'3""",230 lbs,0,0,5,29.6,0,148.0,0,r-jr.,[],9.0,230.0
-2284024998484265148,jamar rucks,"buford, ga.","dl,olb",2023,"6'3""",230 lbs,0,0,9,26.11,0,235.0,0,r-so.,[],9.0,230.0
-2284024998484265148,jamar rucks,"buford, ga.","dl,olb",2024,"6'3""",230 lbs,0,0,4,12.25,0,49.0,0,,[],9.0,230.0
-3762626746665914175,donelius johnson,"patterson, ga.",lb,2020,"6'0""",220 lbs,0,0,5,29.6,0,148.0,0,fr.,[],6.0,220.0
-3762626746665914175,donelius johnson,"patterson, ga.",lb,2022,"6'0""",215 lbs,0,0,11,27.45,0,302.0,0,r-so.,[],6.0,215.0
-3762626746665914175,donelius johnson,"patterson, ga.",lb,2023,"6'0""",230 lbs,0,0,9,26.11,0,235.0,0,so.,[],6.0,230.0
-3762626746665914175,donelius johnson,"patterson, ga.",lb,2024,"6'0""",220 lbs,0,0,4,12.25,0,49.0,0,,[],6.0,220.0
-4582076453786192712,cj donaldson,"metter, ga.","dl,olb",2020,"6'3""",215 lbs,0,0,5,29.6,0,148.0,0,fr.,[],9.0,215.0
-4582076453786192712,cj donaldson,"metter, ga.","dl,olb",2023,"6'3""",230 lbs,0,0,9,26.11,0,235.0,0,r-fr.,[],9.0,230.0
-4582076453786192712,cj donaldson,"metter, ga.","dl,olb",2024,"6'3""",215 lbs,0,0,4,12.25,0,49.0,0,,[],9.0,215.0
-9056993321066929906,baron hopson,"leesburg, ga.",lb,2020,"6'1""",215 lbs,0,0,5,29.6,0,148.0,0,jr.,[],7.0,215.0
-9056993321066929906,baron hopson,"leesburg, ga.",lb,2023,"6'1""",215 lbs,0,0,9,26.11,0,235.0,0,r-jr.,[],7.0,215.0
-9056993321066929906,baron hopson,"leesburg, ga.",lb,2024,"6'1""",215 lbs,0,0,4,12.25,0,49.0,0,,[],7.0,215.0
-390049632775065536,tywon christopher,"thomasville, ga.",lb,2020,"6'0""",205 lbs,0,0,5,29.6,0,148.0,0,fr.,[],6.0,205.0
-390049632775065536,tywon christopher,"thomasville, ga.",lb,2024,"6'0""",205 lbs,0,0,4,12.25,0,49.0,0,,[],6.0,205.0
-1619678079645478253,tylon dunlap,"charlotte, n.c.",dl,2020,"6'1""",260 lbs,0,0,5,29.6,0,148.0,0,r-jr.,[],7.0,260.0
-1619678079645478253,tylon dunlap,"charlotte, n.c.",dl,2024,"6'1""",260 lbs,0,0,4,12.25,0,49.0,0,,[],7.0,260.0
-8663340069156558203,deldrick franklin,"atlanta, ga.",lb,2020,"6'0""",225 lbs,0,0,5,29.6,0,148.0,0,fr.,[],6.0,225.0
-8663340069156558203,deldrick franklin,"atlanta, ga.",lb,2023,"6'0""",225 lbs,0,0,9,26.11,0,235.0,0,r-fr.,[],6.0,225.0
-8663340069156558203,deldrick franklin,"atlanta, ga.",lb,2024,"6'0""",225 lbs,0,0,4,12.25,0,49.0,0,,[],6.0,225.0
1023254985136415801,juandarion silas,"athens, ga.","lb,olb",2020,"6'1""",215 lbs,0,0,5,29.6,0,148.0,0,fr.,[],7.0,215.0
1023254985136415801,juandarion silas,"athens, ga.","lb,olb",2022,"6'1""",200 lbs,0,0,11,27.45,0,302.0,0,r-so.,[],7.0,200.0
1023254985136415801,juandarion silas,"athens, ga.","lb,olb",2023,"6'1""",205 lbs,0,0,9,26.11,0,235.0,0,so.,[],7.0,205.0
1023254985136415801,juandarion silas,"athens, ga.","lb,olb",2024,"6'1""",215 lbs,0,0,4,12.25,0,49.0,0,,[],7.0,215.0
3251733590408546659,william johnson,"atlanta, ga.",ol,2020,"5'11""",265 lbs,0,0,5,29.6,0,148.0,0,r-so.,[],16.0,265.0
3251733590408546659,william johnson,"atlanta, ga.",ol,2023,"5'11""",260 lbs,0,0,9,26.11,0,235.0,0,so.,[],16.0,260.0
3251733590408546659,william johnson,"atlanta, ga.",ol,2024,"5'11""",265 lbs,0,0,4,12.25,0,49.0,0,,[],16.0,265.0
-2674832918775268384,jaxon colvin,"geraldine, ala.",dl,2020,"6'4""",250 lbs,0,0,5,29.6,0,148.0,0,fr.,[],10.0,250.0
-2674832918775268384,jaxon colvin,"geraldine, ala.",dl,2024,"6'4""",250 lbs,0,0,4,12.25,0,49.0,0,,[],10.0,250.0
-8467638703378661519,trey hargrove,"waycross, ga.",lb,2020,"5'11""",220 lbs,0,0,5,29.6,0,148.0,0,fr.,[],16.0,220.0
-8467638703378661519,trey hargrove,"waycross, ga.",lb,2023,"5'11""",210 lbs,0,0,9,26.11,0,235.0,0,r-fr.,[],16.0,210.0
-8467638703378661519,trey hargrove,"waycross, ga.",lb,2024,"5'11""",220 lbs,0,0,4,12.25,0,49.0,0,,[],16.0,220.0
-8301825772014788889,kalari gordon,"montgomery, ala.",ol,2020,"6'4""",340 lbs,0,0,5,29.6,0,148.0,0,fr.,[],10.0,340.0
-8301825772014788889,kalari gordon,"montgomery, ala.",ol,2024,"6'4""",340 lbs,0,0,4,12.25,0,49.0,0,,[],10.0,340.0
1888181098638006049,alto moore,"calhoun, ga.",olb,2020,"6'2""",245 lbs,0,0,5,29.6,0,148.0,0,fr.,[],8.0,245.0
1888181098638006049,alto moore,"calhoun, ga.",olb,2024,"6'2""",245 lbs,0,0,4,12.25,0,49.0,0,,[],8.0,245.0
-1449221422702602378,seaburn hines,"helena, ala.",ol,2020,"6'2""",305 lbs,0,0,5,29.6,0,148.0,0,jr.,[],8.0,305.0
-1449221422702602378,seaburn hines,"helena, ala.",ol,2022,"6'2""",305 lbs,0,0,11,27.45,0,302.0,0,r-jr.,[],8.0,305.0
-1449221422702602378,seaburn hines,"helena, ala.",ol,2023,"6'2""",305 lbs,0,0,9,26.11,0,235.0,0,so.,[],8.0,305.0
-1449221422702602378,seaburn hines,"helena, ala.",ol,2024,"6'2""",305 lbs,0,0,4,12.25,0,49.0,0,,[],8.0,305.0
-4473134068845321920,trey butts,"macon, ga.",ol,2020,"6'2""",295 lbs,0,0,5,29.6,0,148.0,0,fr.,[],8.0,295.0
-4473134068845321920,trey butts,"macon, ga.",ol,2022,"6'2""",260 lbs,0,0,11,27.45,0,302.0,0,r-so.,[],8.0,260.0
-4473134068845321920,trey butts,"macon, ga.",ol,2023,"6'2""",280 lbs,0,0,9,26.11,0,235.0,0,so.,[],8.0,280.0
-4473134068845321920,trey butts,"macon, ga.",ol,2024,"6'2""",295 lbs,0,0,4,12.25,0,49.0,0,,[],8.0,295.0
-6775392330516965028,aj miller,"rock hill, s.c.",dl,2020,"6'3""",280 lbs,0,0,5,29.6,0,148.0,0,fr.,[],9.0,280.0
-6775392330516965028,aj miller,"rock hill, s.c.",dl,2023,"6'3""",275 lbs,0,0,9,26.11,0,235.0,0,r-fr.,[],9.0,275.0
-6775392330516965028,aj miller,"rock hill, s.c.",dl,2024,"6'3""",280 lbs,0,0,4,12.25,0,49.0,0,,[],9.0,280.0
-2283266503011656095,kaleb may,"mccalla, ala.",ol,2020,"6'4""",270 lbs,0,0,5,29.6,0,148.0,0,fr.,[],10.0,270.0
-2283266503011656095,kaleb may,"mccalla, ala.",ol,2023,"6'4""",270 lbs,0,0,9,26.11,0,235.0,0,r-fr.,[],10.0,270.0
-2283266503011656095,kaleb may,"mccalla, ala.",ol,2024,"6'4""",270 lbs,0,0,4,12.25,0,49.0,0,,[],10.0,270.0
7927062458484654550,nehemiah pgouda,"douglasville, ga.",lb,2020,"6'1""",205 lbs,0,0,5,29.6,0,148.0,0,r-fr.,[],7.0,205.0
7927062458484654550,nehemiah pgouda,"douglasville, ga.",lb,2024,"6'1""",205 lbs,0,0,4,12.25,0,49.0,0,,[],7.0,205.0
-8208251025831480917,joshua pgouda,"douglasville, ga.",lb,2020,"5'11""",225 lbs,0,0,5,29.6,0,148.0,0,fr.,[],16.0,225.0
-8208251025831480917,joshua pgouda,"douglasville, ga.",lb,2024,"5'11""",225 lbs,0,0,4,12.25,0,49.0,0,,[],16.0,225.0
9059273523062766877,mason bowers,"high point, n.c.",ol,2020,"6'4""",295 lbs,0,0,5,29.6,0,148.0,0,r-jr.,[],10.0,295.0
9059273523062766877,mason bowers,"high point, n.c.",ol,2024,"6'4""",295 lbs,0,0,4,12.25,0,49.0,0,,[],10.0,295.0
8065349365819184974,ben blanton,"cumming, ga.",ls,2020,"5'10""",210 lbs,0,0,5,29.6,0,148.0,0,fr.,[],15.0,210.0
8065349365819184974,ben blanton,"cumming, ga.",ls,2024,"5'10""",210 lbs,0,0,4,12.25,0,49.0,0,,[],15.0,210.0
-1802350854452106355,jahon myers,"luella, ga.",dl,2020,"6'3""",260 lbs,0,0,5,29.6,0,148.0,0,jr.,[],9.0,260.0
-1802350854452106355,jahon myers,"luella, ga.",dl,2021,"6'3""",250 lbs,0,0,13,32.85,0,427.0,0,r-jr.,[],9.0,250.0
-1802350854452106355,jahon myers,"luella, ga.",dl,2022,"6'3""",255 lbs,0,0,11,27.45,0,302.0,0,so.,[],9.0,255.0
-1802350854452106355,jahon myers,"luella, ga.",dl,2023,"6'3""",265 lbs,0,0,9,26.11,0,235.0,0,sr.,[],9.0,265.0
-1802350854452106355,jahon myers,"luella, ga.",dl,2024,"6'3""",260 lbs,0,0,4,12.25,0,49.0,0,,[],9.0,260.0
1247008212181399123,nicholas charles,"kennesaw, ga.",dl,2020,"6'3""",230 lbs,0,0,5,29.6,0,148.0,0,r-so.,[],9.0,230.0
1247008212181399123,nicholas charles,"kennesaw, ga.",dl,2024,"6'3""",230 lbs,0,0,4,12.25,0,49.0,0,,[],9.0,230.0
3408049029441857254,jose balver-mendoza,"athens, ga.",ol,2020,"6'5""",290 lbs,0,0,5,29.6,0,148.0,0,fr.,[],11.0,290.0
3408049029441857254,jose balver-mendoza,"athens, ga.",ol,2024,"6'5""",290 lbs,0,0,4,12.25,0,49.0,0,,[],11.0,290.0
-1359644221329141929,jaiden grimes,"marietta, ga.",dl,2020,"6'2""",275 lbs,0,0,5,29.6,0,148.0,0,fr.,[],8.0,275.0
-1359644221329141929,jaiden grimes,"marietta, ga.",dl,2024,"6'2""",275 lbs,0,0,4,12.25,0,49.0,0,,[],8.0,275.0
5862085035267574893,isaac cannizzaro,"lilburn, ga.",ol,2020,"6'4""",260 lbs,0,0,5,29.6,0,148.0,0,fr.,[],10.0,260.0
5862085035267574893,isaac cannizzaro,"lilburn, ga.",ol,2024,"6'4""",260 lbs,0,0,4,12.25,0,49.0,0,,[],10.0,260.0
2100260916629046530,jt pennington,"wilsonville, ala.",ol,2020,"6'4""",305 lbs,0,0,5,29.6,0,148.0,0,r-jr.,[],10.0,305.0
2100260916629046530,jt pennington,"wilsonville, ala.",ol,2023,"6'4""",310 lbs,0,0,9,26.11,0,235.0,0,so.,[],10.0,310.0
2100260916629046530,jt pennington,"wilsonville, ala.",ol,2024,"6'4""",305 lbs,0,0,4,12.25,0,49.0,0,,[],10.0,305.0
3556108645940050226,zacchaeus williams,"jackson, miss.",ol,2020,"6'4""",305 lbs,0,0,5,29.6,0,148.0,0,r-jr.,[],10.0,305.0
3556108645940050226,zacchaeus williams,"jackson, miss.",ol,2024,"6'4""",305 lbs,0,0,4,12.25,0,49.0,0,,[],10.0,305.0
-8437787051429791919,jarvis adams,"rome, ga.",ol,2020,"6'1""",275 lbs,0,0,5,29.6,0,148.0,0,fr.,[],7.0,275.0
-8437787051429791919,jarvis adams,"rome, ga.",ol,2024,"6'1""",275 lbs,0,0,4,12.25,0,49.0,0,,[],7.0,275.0
1356467293990494611,jacob norcross,"henderson, nev.",ol,2020,"6'2""",285 lbs,0,0,5,29.6,0,148.0,0,fr.,[],8.0,285.0
1356467293990494611,jacob norcross,"henderson, nev.",ol,2024,"6'2""",285 lbs,0,0,4,12.25,0,49.0,0,,[],8.0,285.0
-3387511283977245056,bryce robinson,"winston, ga.",ls,2020,"6'6""",265 lbs,0,0,5,29.6,0,148.0,0,r-so.,[],12.0,265.0
-3387511283977245056,bryce robinson,"winston, ga.",ls,2024,"6'6""",265 lbs,0,0,4,12.25,0,49.0,0,,[],12.0,265.0
-743251630844980570,benton dunn,"troy, ala.",ol,2020,"6'3""",295 lbs,0,0,5,29.6,0,148.0,0,fr.,[],9.0,295.0
-743251630844980570,benton dunn,"troy, ala.",ol,2024,"6'3""",295 lbs,0,0,4,12.25,0,49.0,0,,[],9.0,295.0
9143103655146788534,chevy trask,"philadelphia, penn.",ol,2020,"6'4""",285 lbs,0,0,5,29.6,0,148.0,0,r-jr.,[],10.0,285.0
9143103655146788534,chevy trask,"philadelphia, penn.",ol,2024,"6'4""",285 lbs,0,0,4,12.25,0,49.0,0,,[],10.0,285.0
-3950233940561181334,nate wright,"gardendale, ala.",ol,2020,"6'3""",275 lbs,0,0,5,29.6,0,148.0,0,fr.,[],9.0,275.0
-3950233940561181334,nate wright,"gardendale, ala.",ol,2022,"6'3""",255 lbs,0,0,11,27.45,0,302.0,0,r-so.,[],9.0,255.0
-3950233940561181334,nate wright,"gardendale, ala.",ol,2023,"6'3""",265 lbs,0,0,9,26.11,0,235.0,0,so.,[],9.0,265.0
-3950233940561181334,nate wright,"gardendale, ala.",ol,2024,"6'3""",275 lbs,0,0,4,12.25,0,49.0,0,,[],9.0,275.0
3974214152026134719,ethan newman,"navarre, fla.",ol,2020,"6'3""",300 lbs,0,0,5,29.6,0,148.0,0,fr.,[],9.0,300.0
3974214152026134719,ethan newman,"navarre, fla.",ol,2023,"6'3""",300 lbs,0,0,9,26.11,0,235.0,0,r-fr.,[],9.0,300.0
3974214152026134719,ethan newman,"navarre, fla.",ol,2024,"6'3""",300 lbs,0,0,4,12.25,0,49.0,0,,[],9.0,300.0
8338164151502413957,jacob kettels,"lynden, wash.",ol,2020,"6'5""",295 lbs,0,0,5,29.6,0,148.0,0,r-jr.,[],11.0,295.0
8338164151502413957,jacob kettels,"lynden, wash.",ol,2024,"6'5""",295 lbs,0,0,4,12.25,0,49.0,0,,[],11.0,295.0
-8779431013183718024,tyler hoffman,"cumming, ga.",dl,2020,"6'4""",225 lbs,0,0,5,29.6,0,148.0,0,fr.,[],10.0,225.0
-8779431013183718024,tyler hoffman,"cumming, ga.",dl,2024,"6'4""",225 lbs,0,0,4,12.25,0,49.0,0,,[],10.0,225.0
2180296305270926612,havik pettigrew,"acworth, ga.",ol,2020,"6'0""",270 lbs,0,0,5,29.6,0,148.0,0,fr.,[],6.0,270.0
2180296305270926612,havik pettigrew,"acworth, ga.",ol,2022,"6'0""",250 lbs,0,0,11,27.45,0,302.0,0,r-so.,[],6.0,250.0
2180296305270926612,havik pettigrew,"acworth, ga.",ol,2023,"6'0""",250 lbs,0,0,9,26.11,0,235.0,0,so.,[],6.0,250.0
2180296305270926612,havik pettigrew,"acworth, ga.",ol,2024,"6'0""",270 lbs,0,0,4,12.25,0,49.0,0,,[],6.0,270.0
8803988330648042333,brian habeck,"jefferson, ga.",ol,2020,"6'3""",260 lbs,0,0,5,29.6,0,148.0,0,fr.,[],9.0,260.0
8803988330648042333,brian habeck,"jefferson, ga.",ol,2022,"6'3""",235 lbs,0,0,11,27.45,0,302.0,0,r-so.,[],9.0,235.0
8803988330648042333,brian habeck,"jefferson, ga.",ol,2023,"6'3""",260 lbs,0,0,9,26.11,0,235.0,0,so.,[],9.0,260.0
8803988330648042333,brian habeck,"jefferson, ga.",ol,2024,"6'3""",260 lbs,0,0,4,12.25,0,49.0,0,,[],9.0,260.0
-6327273260532044191,benjamin kienz,"schwäbisch hall, germany",ol,2020,"6'7""",295 lbs,0,0,5,29.6,0,148.0,0,fr.,[],13.0,295.0
-6327273260532044191,benjamin kienz,"schwäbisch hall, germany",ol,2024,"6'7""",295 lbs,0,0,4,12.25,0,49.0,0,,[],13.0,295.0
-8360677508959312028,marlo east jr.,"tennile, ga.",dl,2020,"6'2""",245 lbs,0,0,5,29.6,0,148.0,0,fr.,[],8.0,245.0
-8360677508959312028,marlo east jr.,"tennile, ga.",dl,2024,"6'2""",245 lbs,0,0,4,12.25,0,49.0,0,,[],8.0,245.0
7071306058773388888,kevin smith,"dacula, ga.",ol,2020,"6'1""",280 lbs,0,0,5,29.6,0,148.0,0,fr.,[],7.0,280.0
7071306058773388888,kevin smith,"dacula, ga.",ol,2023,"6'1""",275 lbs,0,0,9,26.11,0,235.0,0,r-fr.,[],7.0,275.0
7071306058773388888,kevin smith,"dacula, ga.",ol,2024,"6'1""",280 lbs,0,0,4,12.25,0,49.0,0,,[],7.0,280.0
-9003420358237486897,dylan hannon,"alpharetta, ga.","dl,ol",2020,"6'2""",295 lbs,0,0,5,29.6,0,148.0,0,fr.,[],8.0,295.0
-9003420358237486897,dylan hannon,"alpharetta, ga.","dl,ol",2022,"6'2""",290 lbs,0,0,11,27.45,0,302.0,0,r-so.,[],8.0,290.0
-9003420358237486897,dylan hannon,"alpharetta, ga.","dl,ol",2023,"6'2""",275 lbs,0,0,9,26.11,0,235.0,0,so.,[],8.0,275.0
-9003420358237486897,dylan hannon,"alpharetta, ga.","dl,ol",2024,"6'2""",295 lbs,0,0,4,12.25,0,49.0,0,,[],8.0,295.0
4735748421926453580,connor finer,"new port richey, fla.","te,wr",2020,"6'2""",215 lbs,0,0,5,29.6,0,148.0,0,fr.,[],8.0,215.0
4735748421926453580,connor finer,"new port richey, fla.","te,wr",2021,"6'2""",220 lbs,0,0,13,32.85,0,427.0,0,jr.,[],8.0,220.0
4735748421926453580,connor finer,"new port richey, fla.","te,wr",2022,"6'2""",215 lbs,0,0,11,27.45,0,302.0,0,r-jr.,[],8.0,215.0
4735748421926453580,connor finer,"new port richey, fla.","te,wr",2023,"6'2""",205 lbs,0,0,9,26.11,0,235.0,0,so.,[],8.0,205.0
4735748421926453580,connor finer,"new port richey, fla.","te,wr",2024,"6'2""",215 lbs,0,0,4,12.25,0,49.0,0,,[],8.0,215.0
-1033333642949272135,gatlin hancock,"rome, ga.",te,2020,"6'3""",225 lbs,0,0,5,29.6,0,148.0,0,fr.,[],9.0,225.0
-1033333642949272135,gatlin hancock,"rome, ga.",te,2023,"6'3""",250 lbs,0,0,9,26.11,0,235.0,0,r-fr.,[],9.0,250.0
-1033333642949272135,gatlin hancock,"rome, ga.",te,2024,"6'3""",225 lbs,0,0,4,12.25,0,49.0,0,,[],9.0,225.0
-5725763311618573143,rowan darnell,"johns creek, ga.","te,wr",2020,"6'4""",215 lbs,0,0,5,29.6,0,148.0,0,fr.,[],10.0,215.0
-5725763311618573143,rowan darnell,"johns creek, ga.","te,wr",2022,"6'4""",210 lbs,0,0,11,27.45,0,302.0,0,r-so.,[],10.0,210.0
-5725763311618573143,rowan darnell,"johns creek, ga.","te,wr",2023,"6'4""",220 lbs,0,0,9,26.11,0,235.0,0,so.,[],10.0,220.0
-5725763311618573143,rowan darnell,"johns creek, ga.","te,wr",2024,"6'4""",215 lbs,0,0,4,12.25,0,49.0,0,,[],10.0,215.0
-3346446234988838166,bryce dopson,"snellville, ga.",wr,2020,"6'2""",180 lbs,0,0,5,29.6,0,148.0,0,fr.,[],8.0,180.0
-3346446234988838166,bryce dopson,"snellville, ga.",wr,2023,"6'2""",185 lbs,0,0,9,26.11,0,235.0,0,r-fr.,[],8.0,185.0
-3346446234988838166,bryce dopson,"snellville, ga.",wr,2024,"6'2""",180 lbs,0,0,4,12.25,0,49.0,0,,[],8.0,180.0
-6712282859422093059,navelle dean,"columbus, ga.",wr,2020,"6'0""",185 lbs,0,0,5,29.6,0,148.0,0,fr.,[],6.0,185.0
-6712282859422093059,navelle dean,"columbus, ga.",wr,2023,"6'0""",185 lbs,0,0,9,26.11,0,235.0,0,r-fr.,[],6.0,185.0
-6712282859422093059,navelle dean,"columbus, ga.",wr,2024,"6'0""",185 lbs,0,0,4,12.25,0,49.0,0,,[],6.0,185.0
3938406683537249021,jacob ulrich,"dacula, ga.",p,2020,"6'5""",205 lbs,0,0,5,29.6,0,148.0,0,fr.,[],11.0,205.0
3938406683537249021,jacob ulrich,"dacula, ga.",p,2023,"6'5""",200 lbs,0,0,9,26.11,0,235.0,0,r-fr.,[],11.0,200.0
3938406683537249021,jacob ulrich,"dacula, ga.",p,2024,"6'5""",205 lbs,0,0,4,12.25,0,49.0,0,,[],11.0,205.0
-7451511347836035210,jaden robinson,"santa rosa beach, fla.",wr,2020,"6'2""",195 lbs,0,0,5,29.6,0,148.0,0,fr.,[],8.0,195.0
-7451511347836035210,jaden robinson,"santa rosa beach, fla.",wr,2024,"6'2""",195 lbs,0,0,4,12.25,0,49.0,0,,[],8.0,195.0
-227536923453974148,carson kent,"milton, ga.",te,2020,"6'4""",240 lbs,0,0,5,29.6,0,148.0,0,fr.,[],10.0,240.0
-227536923453974148,carson kent,"milton, ga.",te,2022,"6'4""",230 lbs,0,0,11,27.45,0,302.0,0,r-so.,[],10.0,230.0
-227536923453974148,carson kent,"milton, ga.",te,2023,"6'4""",240 lbs,0,0,9,26.11,0,235.0,0,so.,[],10.0,240.0
-227536923453974148,carson kent,"milton, ga.",te,2024,"6'4""",240 lbs,0,0,4,12.25,0,49.0,0,,[],10.0,240.0
7583280108320223676,dennis sims,"rockmart, ga.",wr,2020,"5'11""",180 lbs,0,0,5,29.6,0,148.0,0,fr.,[],16.0,180.0
7583280108320223676,dennis sims,"rockmart, ga.",wr,2023,"5'11""",175 lbs,0,0,9,26.11,0,235.0,0,r-fr.,[],16.0,175.0
7583280108320223676,dennis sims,"rockmart, ga.",wr,2024,"5'11""",180 lbs,0,0,4,12.25,0,49.0,0,,[],16.0,180.0
7973784661440553735,ian pederson,"kingsland, ga.",te,2020,"6'2""",240 lbs,0,0,5,29.6,0,148.0,0,r-fr.,[],8.0,240.0
7973784661440553735,ian pederson,"kingsland, ga.",te,2024,"6'2""",240 lbs,0,0,4,12.25,0,49.0,0,,[],8.0,240.0
3224998704230002075,joshua huiet,"johns creek, ga.",p,2020,"6'2""",205 lbs,0,0,5,29.6,0,148.0,0,fr.,[],8.0,205.0
3224998704230002075,joshua huiet,"johns creek, ga.",p,2021,"6'2""",190 lbs,0,0,13,32.85,0,427.0,0,jr.,[],8.0,190.0
3224998704230002075,joshua huiet,"johns creek, ga.",p,2022,"6'2""",205 lbs,0,0,11,27.45,0,302.0,0,r-jr.,[],8.0,205.0
3224998704230002075,joshua huiet,"johns creek, ga.",p,2023,"6'2""",205 lbs,0,0,9,26.11,0,235.0,0,so.,[],8.0,205.0
3224998704230002075,joshua huiet,"johns creek, ga.",p,2024,"6'2""",205 lbs,0,0,4,12.25,0,49.0,0,,[],8.0,205.0
2420618704721096399,ugonna nwoha,"austell, ga.",dl,2020,"6'3""",260 lbs,0,0,5,29.6,0,148.0,0,fr.,[],9.0,260.0
2420618704721096399,ugonna nwoha,"austell, ga.",dl,2022,"6'3""",265 lbs,0,0,11,27.45,0,302.0,0,r-so.,[],9.0,265.0
2420618704721096399,ugonna nwoha,"austell, ga.",dl,2023,"6'3""",255 lbs,0,0,9,26.11,0,235.0,0,so.,[],9.0,255.0
2420618704721096399,ugonna nwoha,"austell, ga.",dl,2024,"6'3""",260 lbs,0,0,4,12.25,0,49.0,0,,[],9.0,260.0
-8580755882400239035,tyler scott,"jackson, ga.",dl,2020,"6'1""",310 lbs,0,0,5,29.6,0,148.0,0,jr.,[],7.0,310.0
-8580755882400239035,tyler scott,"jackson, ga.",dl,2021,"6'1""",300 lbs,0,0,13,32.85,0,427.0,0,r-jr.,[],7.0,300.0
-8580755882400239035,tyler scott,"jackson, ga.",dl,2022,"6'1""",310 lbs,0,0,11,27.45,0,302.0,0,so.,[],7.0,310.0
-8580755882400239035,tyler scott,"jackson, ga.",dl,2023,"6'1""",315 lbs,0,0,9,26.11,0,235.0,0,sr.,[],7.0,315.0
-8580755882400239035,tyler scott,"jackson, ga.",dl,2024,"6'1""",310 lbs,0,0,4,12.25,0,49.0,0,,[],7.0,310.0
6810000607575147647,jaylan jarrett,"pike road, ala.",dl,2020,"6'2""",295 lbs,0,0,5,29.6,0,148.0,0,fr.,[],8.0,295.0
6810000607575147647,jaylan jarrett,"pike road, ala.",dl,2023,"6'2""",305 lbs,0,0,9,26.11,0,235.0,0,r-fr.,[],8.0,305.0
6810000607575147647,jaylan jarrett,"pike road, ala.",dl,2024,"6'2""",295 lbs,0,0,4,12.25,0,49.0,0,,[],8.0,295.0
274231347972133719,jordan miles,"indianapolis, ind.",dl,2020,"6'2""",245 lbs,0,0,5,29.6,0,148.0,0,jr.,[],8.0,245.0
274231347972133719,jordan miles,"indianapolis, ind.",dl,2023,"6'2""",245 lbs,0,0,9,26.11,0,235.0,0,r-jr.,[],8.0,245.0
274231347972133719,jordan miles,"indianapolis, ind.",dl,2024,"6'2""",245 lbs,0,0,4,12.25,0,49.0,0,,[],8.0,245.0
-3043893867197992084,ramontei dardy,"dublin, ga.","dl,lb",2020,"6'3""",240 lbs,0,0,5,29.6,0,148.0,0,fr.,[],9.0,240.0
-3043893867197992084,ramontei dardy,"dublin, ga.","dl,lb",2023,"6'3""",240 lbs,0,0,9,26.11,0,235.0,0,r-fr.,[],9.0,240.0
-3043893867197992084,ramontei dardy,"dublin, ga.","dl,lb",2024,"6'3""",240 lbs,0,0,4,12.25,0,49.0,0,,[],9.0,240.0
-489376695799511745,adam watkins,"dacula, ga.",dl,2020,"6'0""",300 lbs,0,0,5,29.6,0,148.0,0,fr.,[],6.0,300.0
-489376695799511745,adam watkins,"dacula, ga.",dl,2021,"6'0""",285 lbs,0,0,13,32.85,0,427.0,0,jr.,[],6.0,285.0
-489376695799511745,adam watkins,"dacula, ga.",dl,2022,"6'0""",285 lbs,0,0,11,27.45,0,302.0,0,r-jr.,[],6.0,285.0
-489376695799511745,adam watkins,"dacula, ga.",dl,2023,"6'0""",285 lbs,0,0,9,26.11,0,235.0,0,so.,[],6.0,285.0
-489376695799511745,adam watkins,"dacula, ga.",dl,2024,"6'0""",300 lbs,0,0,4,12.25,0,49.0,0,,[],6.0,300.0
-3132165198049596367,donovan westmoreland,"griffin, ga.",dl,2020,"6'1""",230 lbs,0,0,5,29.6,0,148.0,0,r-so.,[],7.0,230.0
-3132165198049596367,donovan westmoreland,"griffin, ga.",dl,2024,"6'1""",230 lbs,0,0,4,12.25,0,49.0,0,,[],7.0,230.0
-6842521303706471732,britton williams,"richmond hill, ga.",k,2020,"5'11""",200 lbs,0,0,5,29.6,0,148.0,0,r-jr.,[],16.0,200.0
-6842521303706471732,britton williams,"richmond hill, ga.",k,2024,"5'11""",200 lbs,0,0,4,12.25,0,49.0,0,,[],16.0,200.0
8163259246590690285,erik calvillo,"snellville, ga.",k,2020,"6'0""",180 lbs,0,0,5,29.6,0,148.0,0,fr.,[],6.0,180.0
8163259246590690285,erik calvillo,"snellville, ga.",k,2023,"6'0""",180 lbs,0,0,9,26.11,0,235.0,0,r-fr.,[],6.0,180.0
8163259246590690285,erik calvillo,"snellville, ga.",k,2024,"6'0""",180 lbs,0,0,4,12.25,0,49.0,0,,[],6.0,180.0
5346697796930588017,rj taylor,"gulf shores, ala.","dl,olb",2020,"6'3""",225 lbs,0,0,5,29.6,0,148.0,0,fr.,[],9.0,225.0
5346697796930588017,rj taylor,"gulf shores, ala.","dl,olb",2022,"6'3""",195 lbs,0,0,11,27.45,0,302.0,0,r-so.,[],9.0,195.0
5346697796930588017,rj taylor,"gulf shores, ala.","dl,olb",2023,"6'3""",220 lbs,0,0,9,26.11,0,235.0,0,so.,[],9.0,220.0
5346697796930588017,rj taylor,"gulf shores, ala.","dl,olb",2024,"6'3""",225 lbs,0,0,4,12.25,0,49.0,0,,[],9.0,225.0
-8478527461775505927,austin welch,"georgetown, ky.",k,2020,"5'11""",170 lbs,0,0,5,29.6,0,148.0,0,r-jr.,[],16.0,170.0
-8478527461775505927,austin welch,"georgetown, ky.",k,2024,"5'11""",170 lbs,0,0,4,12.25,0,49.0,0,,[],16.0,170.0
-6714271666613898545,thomarius walker,"pensacola, fla.",dl,2020,"6'1""",305 lbs,0,0,5,29.6,0,148.0,0,r-jr.,[],7.0,305.0
-6714271666613898545,thomarius walker,"pensacola, fla.",dl,2023,"6'1""",310 lbs,0,0,9,26.11,0,235.0,0,so.,[],7.0,310.0
-6714271666613898545,thomarius walker,"pensacola, fla.",dl,2024,"6'1""",305 lbs,0,0,4,12.25,0,49.0,0,,[],7.0,305.0
-2572730719553472708,java'n singletary,"bonaire, ga.",db,2021,"6'0""",195 lbs,0,0,13,32.85,0,427.0,0,jr.,[],6.0,195.0
-3808070198533355867,sharmari reed,"fayetteville, ga.",db,2021,"6'0""",190 lbs,0,0,13,32.85,0,427.0,0,jr.,[],6.0,190.0
-3808070198533355867,sharmari reed,"fayetteville, ga.",db,2022,"6'0""",205 lbs,0,0,11,27.45,0,302.0,0,so.,[],6.0,205.0
3674173332213634681,welton spottsville,"havelock, n.c.",db,2021,"6'0""",220 lbs,0,0,13,32.85,0,427.0,0,jr.,[],6.0,220.0
-3860894048799632045,deangelo hardy,"chattanooga, tenn.",qb,2021,"5'10""",175 lbs,0,0,13,32.85,0,427.0,0,jr.,[],15.0,175.0
-3860894048799632045,deangelo hardy,"chattanooga, tenn.",qb,2022,"5'10""",185 lbs,0,0,11,27.45,0,302.0,0,so.,[],15.0,185.0
-5202210850125442096,arendez fedd,"locust grove, ga.",qb,2021,"6'1""",215 lbs,0,0,13,32.85,0,427.0,0,fr.,[],7.0,215.0
-2618481453798610256,ladarius clardy,"pensacola, fla.",qb,2021,"6'0""",170 lbs,0,0,13,32.85,0,427.0,0,so.,[],6.0,170.0
5022067943478620229,xavier hill,"pleasant grove, ala.",wr,2021,"6'2""",200 lbs,0,0,13,32.85,0,427.0,0,so.,[],8.0,200.0
8902201339400151538,ryan harris,"irmo, s.c.",db,2021,"5'10""",180 lbs,0,0,13,32.85,0,427.0,0,jr.,[],15.0,180.0
8902201339400151538,ryan harris,"irmo, s.c.",db,2022,"5'10""",170 lbs,0,0,11,27.45,0,302.0,0,so.,[],15.0,170.0
6584296870899912900,erwin byrd,"powder springs, ga.",db,2021,"5'10""",180 lbs,0,0,13,32.85,0,427.0,0,so.,[],15.0,180.0
7513045770267176930,elijah kirby,"sandy springs, ga.",db,2021,"6'1""",205 lbs,0,0,13,32.85,0,427.0,0,jr.,[],7.0,205.0
7513045770267176930,elijah kirby,"sandy springs, ga.",db,2022,"6'1""",210 lbs,0,0,11,27.45,0,302.0,0,so.,[],7.0,210.0
9191112787112418459,kemari mcgowan,"murfreesboro, tenn.",rb,2021,"5'10""",175 lbs,0,0,13,32.85,0,427.0,0,jr.,[],15.0,175.0
9191112787112418459,kemari mcgowan,"murfreesboro, tenn.",rb,2022,"5'10""",160 lbs,0,0,11,27.45,0,302.0,0,so.,[],15.0,160.0
-4069965288532556133,jack plummer,"buford, ga.",rb,2021,"5'7""",185 lbs,0,0,13,32.85,0,427.0,0,sr.,[],12.0,185.0
8118174799779838313,deontre morris,"atlanta, ga.",db,2021,"5'11""",175 lbs,0,0,13,32.85,0,427.0,0,fr.,[],16.0,175.0
8118174799779838313,deontre morris,"atlanta, ga.",db,2022,"5'11""",185 lbs,0,0,11,27.45,0,302.0,0,so.,[],16.0,185.0
1151240046709813023,chance gamble,"fitzgerald, ga.",db,2021,"6'2""",165 lbs,0,0,13,32.85,0,427.0,0,fr.,[],8.0,165.0
1151240046709813023,chance gamble,"fitzgerald, ga.",db,2022,"6'2""",170 lbs,0,0,11,27.45,0,302.0,0,so.,[],8.0,170.0
-4079909315034124390,montrel jenkins,"acworth, ga.",lb,2021,"6'0""",200 lbs,0,0,13,32.85,0,427.0,0,fr.,[],6.0,200.0
-4079909315034124390,montrel jenkins,"acworth, ga.",lb,2022,"6'0""",215 lbs,0,0,11,27.45,0,302.0,0,so.,[],6.0,215.0
7803035750935033509,quandarius smith,"gainesville, fla.",rb,2021,"5'11""",205 lbs,0,0,13,32.85,0,427.0,0,fr.,[],16.0,205.0
-660272989564599302,irving smith,"dallas, ga.",rb,2021,"5'8""",200 lbs,0,0,13,32.85,0,427.0,0,sr.,[],13.0,200.0
3260504517289264030,marquis ledet,"marietta, ga.",rb,2021,"6'0""",190 lbs,0,0,13,32.85,0,427.0,0,jr.,[],6.0,190.0
3260504517289264030,marquis ledet,"marietta, ga.",rb,2022,"6'0""",205 lbs,0,0,11,27.45,0,302.0,0,so.,[],6.0,205.0
6564886957290213727,caleb brown,"douglasville, ga.",db,2021,"6'2""",150 lbs,0,0,13,32.85,0,427.0,0,so.,[],8.0,150.0
6792385901569740908,zaire scotland,"seneca, s.c.",rb,2021,"6'1""",220 lbs,0,0,13,32.85,0,427.0,0,fr.,[],7.0,220.0
5852385815655216395,dylan hand,"dacula, ga.",db,2021,"6'0""",195 lbs,0,0,13,32.85,0,427.0,0,fr.,[],6.0,195.0
5852385815655216395,dylan hand,"dacula, ga.",db,2022,"6'0""",195 lbs,0,0,11,27.45,0,302.0,0,so.,[],6.0,195.0
5311359200681382176,charles remy,"kennesaw, ga.",lb,2021,"6'1""",210 lbs,0,0,13,32.85,0,427.0,0,fr.,[],7.0,210.0
5311359200681382176,charles remy,"kennesaw, ga.",lb,2022,"6'1""",215 lbs,0,0,11,27.45,0,302.0,0,so.,[],7.0,215.0
2942830876986835059,gavin marts,"jacksonville, fla.",rb,2021,"6'0""",230 lbs,0,0,13,32.85,0,427.0,0,so.,[],6.0,230.0
-9005889982897471960,jerrod woods,"leesburg, ga.",lb,2021,"6'1""",205 lbs,0,0,13,32.85,0,427.0,0,fr.,[],7.0,205.0
-9005889982897471960,jerrod woods,"leesburg, ga.",lb,2022,"6'1""",210 lbs,0,0,11,27.45,0,302.0,0,so.,[],7.0,210.0
-4140527448129133532,xavier reddick,"powder springs, ga.",lb,2021,"6'1""",230 lbs,0,0,13,32.85,0,427.0,0,gr.,[],7.0,230.0
6725904950983721898,zane mccracken,"calhoun, ga.",ls,2021,"6'2""",200 lbs,0,0,13,32.85,0,427.0,0,jr.,[],8.0,200.0
6725904950983721898,zane mccracken,"calhoun, ga.",ls,2022,"6'2""",200 lbs,0,0,11,27.45,0,302.0,0,so.,[],8.0,200.0
2801114973950150358,evan thompson,"clermont, fla.",lb,2021,"6'0""",210 lbs,0,0,13,32.85,0,427.0,0,jr.,[],6.0,210.0
7269056300873730817,jordan love,"rockledge, fla.",ol,2021,"6'2""",290 lbs,0,0,13,32.85,0,427.0,0,fr.,[],8.0,290.0
7269056300873730817,jordan love,"rockledge, fla.",ol,2022,"6'2""",275 lbs,0,0,11,27.45,0,302.0,0,so.,[],8.0,275.0
4650158265123316588,steven carter,"newnan, ga.",lb,2021,"6'1""",220 lbs,0,0,13,32.85,0,427.0,0,fr.,[],7.0,220.0
5867646770746852558,jadyn walker,"acworth, ga.",lb,2021,"6'0""",210 lbs,0,0,13,32.85,0,427.0,0,fr.,[],6.0,210.0
-8487080712954336965,tristan love,"rockledge, fla.",ol,2021,"6'2""",300 lbs,0,0,13,32.85,0,427.0,0,jr.,[],8.0,300.0
-8487080712954336965,tristan love,"rockledge, fla.",ol,2022,"6'2""",300 lbs,0,0,11,27.45,0,302.0,0,sr.,[],8.0,300.0
-2183175737510929589,darron willis,"alpharetta, ga.",ol,2021,"6'2""",240 lbs,0,0,13,32.85,0,427.0,0,jr.,[],8.0,240.0
-2183175737510929589,darron willis,"alpharetta, ga.",ol,2022,"6'2""",255 lbs,0,0,11,27.45,0,302.0,0,so.,[],8.0,255.0
-2183175737510929589,darron willis,"alpharetta, ga.",ol,2023,"6'2""",270 lbs,0,0,9,26.11,0,235.0,0,sr.,[],8.0,270.0
1862254216215689275,cameron donald,"pelzer, s.c.",dl,2021,"6'1""",250 lbs,0,0,13,32.85,0,427.0,0,jr.,[],7.0,250.0
1862254216215689275,cameron donald,"pelzer, s.c.",dl,2022,"6'1""",250 lbs,0,0,11,27.45,0,302.0,0,so.,[],7.0,250.0
1862254216215689275,cameron donald,"pelzer, s.c.",dl,2023,"6'1""",280 lbs,0,0,9,26.11,0,235.0,0,sr.,[],7.0,280.0
-5608511731968053789,colton steele,"jefferson, ga.",ol,2021,"6'3""",295 lbs,0,0,13,32.85,0,427.0,0,fr.,[],9.0,295.0
4902088456866509242,trenton jackson,"hattiesburg, miss.",ol,2021,"6'0""",310 lbs,0,0,13,32.85,0,427.0,0,jr.,[],6.0,310.0
4902088456866509242,trenton jackson,"hattiesburg, miss.",ol,2022,"6'0""",290 lbs,0,0,11,27.45,0,302.0,0,so.,[],6.0,290.0
4902088456866509242,trenton jackson,"hattiesburg, miss.",ol,2023,"6'0""",300 lbs,0,0,9,26.11,0,235.0,0,sr.,[],6.0,300.0
-1699102973152970085,ben moran,"acworth, ga.",p,2021,"6'1""",165 lbs,0,0,13,32.85,0,427.0,0,fr.,[],7.0,165.0
1371492815393747211,ryan worley,"pensacola, fla.",ol,2021,"6'2""",260 lbs,0,0,13,32.85,0,427.0,0,fr.,[],8.0,260.0
7045821612740467379,james dawson,"opelika, ala.",ol,2021,"6'1""",295 lbs,0,0,13,32.85,0,427.0,0,jr.,[],7.0,295.0
7045821612740467379,james dawson,"opelika, ala.",ol,2022,"6'1""",295 lbs,0,0,11,27.45,0,302.0,0,so.,[],7.0,295.0
7045821612740467379,james dawson,"opelika, ala.",ol,2023,"6'1""",300 lbs,0,0,9,26.11,0,235.0,0,sr.,[],7.0,300.0
-4184977839727765815,hall o'neal,"atlanta, ga.",ol,2021,"6'2""",255 lbs,0,0,13,32.85,0,427.0,0,jr.,[],8.0,255.0
-4184977839727765815,hall o'neal,"atlanta, ga.",ol,2022,"6'2""",255 lbs,0,0,11,27.45,0,302.0,0,so.,[],8.0,255.0
-4184977839727765815,hall o'neal,"atlanta, ga.",ol,2023,"6'2""",275 lbs,0,0,9,26.11,0,235.0,0,sr.,[],8.0,275.0
-3250338819919604702,william calhoun,"suwanee, ga.",ol,2021,"6'2""",295 lbs,0,0,13,32.85,0,427.0,0,fr.,[],8.0,295.0
2527709498169735682,conor cummins,"marietta, ga.",k,2021,"6'1""",175 lbs,0,0,13,32.85,0,427.0,0,fr.,[],7.0,175.0
2527709498169735682,conor cummins,"marietta, ga.",k,2022,"6'1""",175 lbs,0,0,11,27.45,0,302.0,0,so.,[],7.0,175.0
464739905875050008,gabriel thompson,"zephyrhills, fla.",ol,2021,"6'4""",240 lbs,0,0,13,32.85,0,427.0,0,fr.,[],10.0,240.0
5555395648817690104,ben  hollars,"dallas, ga.",ol,2021,"6'1""",270 lbs,0,0,13,32.85,0,427.0,0,fr.,[],7.0,270.0
-840000579557879321,landon kardian,"atlanta, ga.",wr,2021,"6'4""",210 lbs,0,0,13,32.85,0,427.0,0,fr.,[],10.0,210.0
3251026587933275640,dominique marshall,"valdosta, ga.",wr,2021,"6'1""",190 lbs,0,0,13,32.85,0,427.0,0,fr.,[],7.0,190.0
-5892359208088748846,carter pinholster,"fort payne, ala.",wr,2021,"6'1""",190 lbs,0,0,13,32.85,0,427.0,0,jr.,[],7.0,190.0
-5892359208088748846,carter pinholster,"fort payne, ala.",wr,2022,"6'1""",190 lbs,0,0,11,27.45,0,302.0,0,so.,[],7.0,190.0
-4394192516637039352,zechariah jones,"madison, fla.",wr,2021,"6'3""",175 lbs,0,0,13,32.85,0,427.0,0,fr.,[],9.0,175.0
333807286654726930,evan fuller,"bremen, ga.",k,2021,"6'0""",215 lbs,0,0,13,32.85,0,427.0,0,so.,[],6.0,215.0
-7818785228050874602,carlos allen,"atlanta, ga.",dl,2021,"6'0""",285 lbs,0,0,13,32.85,0,427.0,0,jr.,[],6.0,285.0
-7818785228050874602,carlos allen,"atlanta, ga.",dl,2022,"6'0""",290 lbs,0,0,11,27.45,0,302.0,0,so.,[],6.0,290.0
8430486185657493001,finn hazel-polkinghorne,"williamstown, australia",dl,2021,"6'4""",280 lbs,0,0,13,32.85,0,427.0,0,fr.,[],10.0,280.0
-3961992587581704759,michael hines,"hueytown, ala.",dt,2021,"6'2""",280 lbs,0,0,13,32.85,0,427.0,0,fr.,[],8.0,280.0
-7785038246199980326,carson koporc,"roswell, ga.",te,2021,"6'3""",240 lbs,0,0,13,32.85,0,427.0,0,so.,[],9.0,240.0
-4956988541802344118,gene sledge,"huntsville, ala.",rb,2022,"6'2""",235 lbs,0,0,11,27.45,0,302.0,0,so.,[],8.0,235.0
9012562410787881277,joe williams,"thomasville, ga.",db,2022,"6'0""",170 lbs,0,0,11,27.45,0,302.0,0,fr.,[],6.0,170.0
5421041820345994337,myles beris,"douglasville, ga.",db,2022,"5'9""",170 lbs,0,0,11,27.45,0,302.0,0,so.,[],14.0,170.0
8825009150963340218,remington adams,"kennesaw, ga.",rb,2022,"5'6""",165 lbs,0,0,11,27.45,0,302.0,0,fr.,[],11.0,165.0
-1874766688337850458,nehemiah mccoy,"ocilla, ga.",lb,2022,"5'10""",200 lbs,0,0,11,27.45,0,302.0,0,fr.,[],15.0,200.0
-2636796819556688506,damarion davis,"lithonia, ga.",lb,2022,"6'0""",185 lbs,0,0,11,27.45,0,302.0,0,fr.,[],6.0,185.0
4707958625203804386,jordan lay,"hartwell, ga.",rb,2022,"5'11""",205 lbs,0,0,11,27.45,0,302.0,0,jr.,[],16.0,205.0
-5125803923347055509,mike mincey,"waycross, ga.",lb,2022,"6'1""",230 lbs,0,0,11,27.45,0,302.0,0,so.,[],7.0,230.0
-5332837180214390914,antonio ward,"snellville, ga.",lb,2022,"6'0""",210 lbs,0,0,11,27.45,0,302.0,0,jr.,[],6.0,210.0
-7964850725549942039,charlie cooper,"tucker, ga.",p,2022,"5'11""",185 lbs,0,0,11,27.45,0,302.0,0,fr.,[],16.0,185.0
-3708903120303623427,seth adams,"dawsonville, ga.",ol,2022,"6'3""",250 lbs,0,0,11,27.45,0,302.0,0,so.,[],9.0,250.0
-881206873099538322,braden whittenburg,"folkston, ga.",ls,2022,"6'1""",195 lbs,0,0,11,27.45,0,302.0,0,so.,[],7.0,195.0
-2182402537618335277,matthew gilliam,"fayetteville, ga.",ol,2022,"6'2""",250 lbs,0,0,11,27.45,0,302.0,0,so.,[],8.0,250.0
-6109316147753036412,jacob strom,"hazlehurst, ga.",ol,2022,"6'3""",280 lbs,0,0,11,27.45,0,302.0,0,fr.,[],9.0,280.0
-1233237897283082125,coy pendergrass,"lafayette, ga.",ol,2022,"6'3""",275 lbs,0,0,11,27.45,0,302.0,0,fr.,[],9.0,275.0
6879904966420362579,mike fangman,"naples, fla.",ol,2022,"6'1""",270 lbs,0,0,11,27.45,0,302.0,0,so.,[],7.0,270.0
8386682530794557537,ronnie thomas,"warner robbins, ga.",ls,2022,"5'10""",180 lbs,0,0,11,27.45,0,302.0,0,fr.,[],15.0,180.0
8268756431988135362,acha mbanwei,"conyers, ga.",,2022,"5'11""",230 lbs,0,0,11,27.45,0,302.0,0,jr.,[],16.0,230.0
8268756431988135362,acha mbanwei,"conyers, ga.",,2023,"5'11""",220 lbs,0,0,9,26.11,0,235.0,0,so.,[],16.0,220.0
1733801078104110019,joshua agbenou,"bethlehem, ga.",dl,2022,"6'2""",235 lbs,0,0,11,27.45,0,302.0,0,jr.,[],8.0,235.0
1733801078104110019,joshua agbenou,"bethlehem, ga.",dl,2023,"6'2""",245 lbs,0,0,9,26.11,0,235.0,0,sr.,[],8.0,245.0
8911878273960213014,tyler dugger,"augusta, ga.",wr,2022,"5'11""",195 lbs,0,0,11,27.45,0,302.0,0,jr.,[],16.0,195.0
1257364270952942120,tyriek johnson,"hoschton, ga.",db,2022,"5'8""",175 lbs,0,0,11,27.45,0,302.0,0,jr.,[],13.0,175.0
1257364270952942120,tyriek johnson,"hoschton, ga.",db,2023,"5'8""",185 lbs,0,0,9,26.11,0,235.0,0,so.,[],13.0,185.0
8797407218331334176,cole mccarty,"moody, ala.",qb,2023,"5'11""",190 lbs,0,0,9,26.11,0,235.0,0,fr.,[],16.0,190.0
5960824905816712025,jaden richeson,"virginia beach, va.",dl,2023,"6'2""",225 lbs,0,0,9,26.11,0,235.0,0,jr.,[],8.0,225.0
4977286454222231417,tj mcelmurray,"graniteville, s.c.",wr,2023,"6'3""",180 lbs,0,0,9,26.11,0,235.0,0,fr.,[],9.0,180.0
