name,season,major,height,weight,hometown,position,games_played,games_started,solo_tackles,assisted_tackles,total_tackles,tackles_for_loss_yards,sacks_yards,interceptions,pass_deflections,forced_fumbles,fumble_recoveries,blocked_kicks,tackles_for_loss,sacks,prev_games_played,prev_games_started,prev_solo_tackles,prev_assisted_tackles,prev_total_tackles,prev_tackles_for_loss,prev_tackles_for_loss_yards,prev_sacks,prev_sacks_yards,prev_interceptions,prev_pass_deflections,prev_forced_fumbles,prev_fumble_recoveries,prev_blocked_kicks
"abisoye, adesola",2017,,70,186,"loganville, ga.",db,4,0,0,0,0,0.0,0.0,0,0,0,0,1,0.0,0.0,,,,,,,,,,,,,,
"abisoye, adesola",2018,,70,186,"loganville, ga.",db,7,1,4,0,4,1.0,0.0,1,1,0,0,0,1.0,0.0,4.0,0.0,0.0,0.0,0.0,0.0,0.0,0.0,0.0,0.0,0.0,0.0,0.0,1.0
"abisoye, adesola",2019,,70,186,"loganville, ga.",db,13,1,7,3,10,1.0,0.0,1,4,0,0,2,1.0,0.0,7.0,1.0,4.0,0.0,4.0,1.0,1.0,0.0,0.0,1.0,1.0,0.0,0.0,0.0
"adeleke, adeolu",2018,,70,189,"conyers, ga.",rb,9,0,0,0,0,0.0,0.0,0,0,0,0,0,0.0,0.0,,,,,,,,,,,,,,
"adeleke, adeolu",2019,,70,189,"conyers, ga.",rb,11,0,1,0,1,0.0,0.0,0,0,0,0,0,0.0,0.0,9.0,0.0,0.0,0.0,0.0,0.0,0.0,0.0,0.0,0.0,0.0,0.0,0.0,0.0
"adeleke, adeolu",2021,,70,185,"conyers, ga.",rb,12,7,2,0,2,0.0,0.0,0,0,0,0,0,0.0,0.0,11.0,0.0,1.0,0.0,1.0,0.0,0.0,0.0,0.0,0.0,0.0,0.0,0.0,0.0
"agbenou, joshua",2023,interdisciplinary studies,74,245,"bethlehem, ga.",dl,8,3,9,13,22,8.0,5.0,0,1,0,1,0,2.5,1.0,,,,,,,,,,,,,,
"allen, carlos",2021,,72,285,"atlanta, ga.",dl,9,0,4,10,14,12.0,7.0,0,0,0,0,0,3.0,1.0,,,,,,,,,,,,,,
"allen, carlos",2022,,72,290,"atlanta, ga.",dl,11,6,13,12,25,21.0,15.0,0,1,1,2,0,6.0,2.0,9.0,0.0,4.0,10.0,14.0,3.0,12.0,1.0,7.0,0.0,0.0,0.0,0.0,0.0
"allen, kelcy",2018,,73,267,"smith station, ala.",,2,0,0,0,0,0.0,0.0,0,0,0,0,0,0.0,0.0,,,,,,,,,,,,,,
"allen, kelcy",2019,,73,267,"smith station, ala.",dl,10,0,7,4,11,3.0,1.0,0,0,0,0,0,1.5,0.5,2.0,0.0,0.0,0.0,0.0,0.0,0.0,0.0,0.0,0.0,0.0,0.0,0.0,0.0
"allen, kelcy",2021,,73,240,"smith station, ala.",dl,9,4,4,4,8,1.0,0.0,0,0,0,1,0,1.0,0.0,10.0,0.0,7.0,4.0,11.0,1.5,3.0,0.5,1.0,0.0,0.0,0.0,0.0,0.0
"alufohai, auzoyah",2017,,76,322,"alpharetta, ga.",dl,14,14,15,16,31,3.0,0.0,0,2,0,1,0,1.5,0.0,,,,,,,,,,,,,,
"anthony gore, jr.",2017,,72,209,"statesboro, ga.",lb,14,13,50,23,73,35.0,26.0,2,2,2,0,0,6.5,3.0,,,,,,,,,,,,,,
"anthony gore, jr.",2018,,72,201,"statesboro, ga.",lb,13,13,62,18,80,84.0,58.0,0,1,2,0,0,17.0,6.0,14.0,13.0,50.0,23.0,73.0,6.5,35.0,3.0,26.0,2.0,2.0,2.0,0.0,0.0
"armstrong, bryson",2017,,71,201,"marietta, ga.",lb,14,14,85,29,114,79.0,78.0,3,10,3,4,1,12.5,11.0,,,,,,,,,,,,,,
"armstrong, bryson",2018,,71,212,"marietta, ga.",lb,13,13,56,19,75,28.0,11.0,1,3,0,0,0,10.0,2.5,14.0,14.0,85.0,29.0,114.0,12.5,79.0,11.0,78.0,3.0,10.0,3.0,4.0,1.0
"armstrong, bryson",2019,,71,212,"marietta, ga.",lb,14,13,51,44,95,40.0,19.0,1,3,2,1,1,12.0,3.5,13.0,13.0,56.0,19.0,75.0,10.0,28.0,2.5,11.0,1.0,3.0,0.0,0.0,0.0
"arrasmith, kyle",2017,,77,257,"navarre, fla.",dl,10,0,1,0,1,0.0,0.0,0,0,0,0,0,0.0,0.0,,,,,,,,,,,,,,
"arrasmith, kyle",2018,,77,273,"navarre, fla.",dl,10,0,5,0,5,0.0,0.0,0,1,0,0,0,0.0,0.0,10.0,0.0,1.0,0.0,1.0,0.0,0.0,0.0,0.0,0.0,0.0,0.0,0.0,0.0
"arrasmith, kyle",2019,,77,273,"navarre, fla.",dl,11,0,2,0,2,0.0,0.0,0,0,0,0,0,0.0,0.0,10.0,0.0,5.0,0.0,5.0,0.0,0.0,0.0,0.0,0.0,1.0,0.0,0.0,0.0
"ashley, qua",2022,,70,185,"dublin, ga.",rb,1,0,0,0,0,0.0,0.0,0,0,0,0,0,0.0,0.0,,,,,,,,,,,,,,
"ashley, qua",2023,integrated health science,70,190,"dublin, ga.",rb,5,0,1,0,1,0.0,0.0,0,0,0,0,0,0.0,0.0,1.0,0.0,0.0,0.0,0.0,0.0,0.0,0.0,0.0,0.0,0.0,0.0,0.0,0.0
"ashley, qua",2024,integrated health science,70,195,"dublin, ga.",rb,4,1,0,0,0,0.0,0.0,0,0,0,0,0,0.0,0.0,5.0,0.0,1.0,0.0,1.0,0.0,0.0,0.0,0.0,0.0,0.0,0.0,0.0,0.0
"bah, sulaiman",2022,,73,190,"lilburn, ga.",db,1,0,0,0,0,0.0,0.0,0,0,0,0,0,0.0,0.0,,,,,,,,,,,,,,
"bah, sulaiman",2023,information technology,73,185,"lilburn, ga.",db,7,0,1,1,2,0.0,0.0,0,0,0,0,0,0.0,0.0,1.0,0.0,0.0,0.0,0.0,0.0,0.0,0.0,0.0,0.0,0.0,0.0,0.0,0.0
"barnes, demetric",2019,,76,255,"stone mountain, ga.",dl,5,0,2,1,3,5.0,5.0,0,0,0,1,0,1.0,1.0,,,,,,,,,,,,,,
"barnes, demetric",2021,,76,295,"stone mountain, ga.",dl,11,0,7,4,11,2.0,2.0,0,0,0,0,0,1.0,1.0,5.0,0.0,2.0,1.0,3.0,1.0,5.0,1.0,5.0,0.0,0.0,0.0,1.0,0.0
"barnes, demetric",2022,,76,235,"stone mountain, ga.",dl,10,1,7,2,9,0.0,0.0,0,0,0,1,0,0.0,0.0,11.0,0.0,7.0,4.0,11.0,1.0,2.0,1.0,2.0,0.0,0.0,0.0,0.0,0.0
"barnes, demetric",2023,intergrated studies,76,255,"stone mountain, ga.",dl,8,0,3,6,9,15.0,14.0,0,1,1,0,0,3.5,2.5,10.0,1.0,7.0,2.0,9.0,0.0,0.0,0.0,0.0,0.0,0.0,0.0,1.0,0.0
"barnum, jalen",2021,,73,210,"jesup, ga.",lb,7,0,8,1,9,0.0,0.0,0,2,0,0,0,0.0,0.0,,,,,,,,,,,,,,
"barnum, jalen",2022,,73,195,"jesup, ga.",lb,11,9,23,25,48,2.0,0.0,0,1,0,0,0,1.5,0.0,7.0,0.0,8.0,1.0,9.0,0.0,0.0,0.0,0.0,0.0,2.0,0.0,0.0,0.0
"barnum, jalen",2023,integrated interdisciplinary studies,73,205,"jesup, ga.",lb,7,2,11,15,26,3.0,0.0,0,2,0,0,0,1.0,0.0,11.0,9.0,23.0,25.0,48.0,1.5,2.0,0.0,0.0,0.0,1.0,0.0,0.0,0.0
"barnum, jalen",2024,integrated interdisciplinary studies,73,205,"jesup, ga.",lb,4,3,3,6,9,2.0,0.0,0,0,0,0,0,1.0,0.0,7.0,2.0,11.0,15.0,26.0,1.0,3.0,0.0,0.0,0.0,2.0,0.0,0.0,0.0
"barron, jayden",2018,,74,285,"thomaston, ga.",dl,1,0,0,1,1,0.0,0.0,0,0,0,0,0,0.0,0.0,,,,,,,,,,,,,,
"barron, jayden",2019,,74,285,"thomaston, ga.",dl,7,0,4,2,6,1.0,0.0,0,0,0,0,0,0.5,0.0,1.0,0.0,0.0,1.0,1.0,0.0,0.0,0.0,0.0,0.0,0.0,0.0,0.0,0.0
"barron, jayden",2022,,74,280,"thomaston, ga.",dl,1,0,0,0,0,0.0,0.0,0,0,0,0,0,0.0,0.0,,,,,,,,,,,,,,
"bates, chance",2018,,72,248,"muscle shoals, ala.",lb,12,4,15,7,22,1.0,0.0,0,0,0,0,0,1.0,0.0,,,,,,,,,,,,,,
"bates, chance",2019,,72,248,"muscle shoals, ala.",lb,14,7,29,16,45,9.0,0.0,0,0,0,0,0,4.0,0.0,12.0,4.0,15.0,7.0,22.0,1.0,1.0,0.0,0.0,0.0,0.0,0.0,0.0,0.0
"bates, chance",2021,,72,240,"muscle shoals, ala.",lb,13,11,28,20,48,1.0,0.0,1,2,0,0,0,0.5,0.0,14.0,7.0,29.0,16.0,45.0,4.0,9.0,0.0,0.0,0.0,0.0,0.0,0.0,0.0
"baxter, marquez",2019,,75,190,"macon, ga.",dl,4,0,1,3,4,2.0,0.0,0,0,0,0,0,0.5,0.0,,,,,,,,,,,,,,
"bell, travis",2018,,73,280,"montgomery, ala.",dl,13,12,17,7,24,3.0,0.0,0,0,1,1,0,2.0,0.0,,,,,,,,,,,,,,
"bell, travis",2019,,73,280,"montgomery, ala.",dl,14,8,13,17,30,27.0,16.0,0,2,0,1,0,9.0,5.0,13.0,12.0,17.0,7.0,24.0,2.0,3.0,0.0,0.0,0.0,0.0,1.0,1.0,0.0
"bell, travis",2021,,73,280,"montgomery, ala.",dl,12,9,16,9,25,31.0,28.0,0,0,0,0,0,6.0,4.0,14.0,8.0,13.0,17.0,30.0,9.0,27.0,5.0,16.0,0.0,2.0,0.0,1.0,0.0
"bell, travis",2022,,73,305,"montgomery, ala.",dl,11,9,16,18,34,25.0,12.0,0,0,0,0,1,5.5,1.5,12.0,9.0,16.0,9.0,25.0,6.0,31.0,4.0,28.0,0.0,0.0,0.0,0.0,0.0
"benefield, michael",2022,,67,190,"atlanta, ga.",rb,10,7,0,4,4,0.0,0.0,0,0,0,0,0,0.0,0.0,,,,,,,,,,,,,,
"benefield, michael",2023,psychology,67,200,"atlanta, ga.",rb,8,5,1,0,1,0.0,0.0,0,0,0,0,0,0.0,0.0,10.0,7.0,0.0,4.0,4.0,0.0,0.0,0.0,0.0,0.0,0.0,0.0,0.0,0.0
"benefield, michael",2024,exercise science (ms),67,205,"atlanta, ga.",rb,4,3,0,0,0,0.0,0.0,0,0,0,0,0,0.0,0.0,8.0,5.0,1.0,0.0,1.0,0.0,0.0,0.0,0.0,0.0,0.0,0.0,0.0,0.0
"benyard, gabriel",2021,,70,180,"ocilla, ga.",rb,13,2,2,0,2,0.0,0.0,0,0,0,0,0,0.0,0.0,,,,,,,,,,,,,,
"benyard, gabriel",2022,,70,175,"ocilla, ga.",rb,9,2,0,0,0,0.0,0.0,0,0,0,0,0,0.0,0.0,13.0,2.0,2.0,0.0,2.0,0.0,0.0,0.0,0.0,0.0,0.0,0.0,0.0,0.0
"benyard, gabriel",2023,sport management,70,185,"ocilla, ga.",rb,4,4,0,0,0,0.0,0.0,0,0,0,0,0,0.0,0.0,9.0,2.0,0.0,0.0,0.0,0.0,0.0,0.0,0.0,0.0,0.0,0.0,0.0,0.0
"benyard, gabriel",2024,sport management,70,185,"ocilla, ga.",wr,2,2,0,0,0,0.0,0.0,0,0,0,0,0,0.0,0.0,4.0,4.0,0.0,0.0,0.0,0.0,0.0,0.0,0.0,0.0,0.0,0.0,0.0,0.0
"benyard, garland",2021,,73,190,"ocilla, ga.",lb,13,6,15,20,35,10.0,0.0,0,2,0,1,1,2.0,0.0,,,,,,,,,,,,,,
"benyard, garland",2022,,73,200,"ocilla, ga.",lb,11,10,29,21,50,43.0,35.0,1,3,0,2,0,7.0,3.5,13.0,6.0,15.0,20.0,35.0,2.0,10.0,0.0,0.0,0.0,2.0,0.0,1.0,1.0
"benyard, garland",2023,business management,73,215,"ocilla, ga.",lb,4,4,6,13,19,1.0,0.0,0,0,0,0,0,1.0,0.0,11.0,10.0,29.0,21.0,50.0,7.0,43.0,3.5,35.0,1.0,3.0,0.0,2.0,0.0
"benyard, garland",2024,interdisciplinary studies/business fundamentals,73,225,"ocilla, ga.",lb,4,4,7,9,16,1.0,0.0,0,0,0,1,0,0.5,0.0,4.0,4.0,6.0,13.0,19.0,1.0,1.0,0.0,0.0,0.0,0.0,0.0,0.0,0.0
"billingslea, mckenzie",2017,,76,273,"powder springs, ga.",dl,14,13,18,5,23,15.0,11.0,1,1,0,0,1,4.0,2.0,,,,,,,,,,,,,,
"billingslea, mckenzie",2018,,76,280,"powder springs, ga.",dl,13,13,22,9,31,12.0,6.0,0,2,0,0,0,4.5,1.0,14.0,13.0,18.0,5.0,23.0,4.0,15.0,2.0,11.0,1.0,1.0,0.0,0.0,1.0
"billingsley, que",2023,sport management,72,195,"phenix city, ala.",db,1,0,0,0,0,0.0,0.0,0,0,0,0,0,0.0,0.0,,,,,,,,,,,,,,
"billingsley, que",2024,sport management,72,190,"phenix city, ala.",db,3,0,3,2,5,0.0,0.0,0,1,0,0,0,0.0,0.0,1.0,0.0,0.0,0.0,0.0,0.0,0.0,0.0,0.0,0.0,0.0,0.0,0.0,0.0
"birdsall, bert",2017,,71,170,"chesterfield, mo.",db,14,1,10,2,12,0.0,0.0,0,2,0,0,0,0.0,0.0,,,,,,,,,,,,,,
"bohannon, blake",2021,,73,165,"woodstock, ga.",wr,4,0,1,0,1,0.0,0.0,0,0,0,0,0,0.0,0.0,,,,,,,,,,,,,,
"bohannon, blake",2022,,73,200,"woodstock, ga.",wr,11,10,0,0,0,0.0,0.0,0,0,0,0,0,0.0,0.0,4.0,0.0,1.0,0.0,1.0,0.0,0.0,0.0,0.0,0.0,0.0,0.0,0.0,0.0
"bohannon, blake",2023,business management,73,200,"woodstock, ga.",wr,8,8,0,0,0,0.0,0.0,0,0,0,0,0,0.0,0.0,11.0,10.0,0.0,0.0,0.0,0.0,0.0,0.0,0.0,0.0,0.0,0.0,0.0,0.0
"bohannon, blake",2024,management,73,190,"woodstock, ga.",wr,4,4,1,0,1,0.0,0.0,0,0,0,0,0,0.0,0.0,8.0,8.0,0.0,0.0,0.0,0.0,0.0,0.0,0.0,0.0,0.0,0.0,0.0,0.0
"bostick, paris",2017,,73,221,"tampa, fla.",lb,10,1,20,4,24,13.0,11.0,1,2,0,0,0,3.0,2.0,,,,,,,,,,,,,,
"brown, rob",2022,,72,205,"trion, ga.",rb,2,0,0,0,0,0.0,0.0,0,0,0,0,0,0.0,0.0,,,,,,,,,,,,,,
"brown, rob",2023,business,72,215,"trion, ga.",rb,6,0,1,0,1,0.0,0.0,0,0,0,0,0,0.0,0.0,2.0,0.0,0.0,0.0,0.0,0.0,0.0,0.0,0.0,0.0,0.0,0.0,0.0,0.0
"brown, rob",2024,health and physical activity leadership,72,200,"trion, ga.",rb,1,0,0,0,0,0.0,0.0,0,0,0,0,0,0.0,0.0,6.0,0.0,1.0,0.0,1.0,0.0,0.0,0.0,0.0,0.0,0.0,0.0,0.0,0.0
"bryant, tommy",2017,,73,190,"tuscaloosa, ala.",qb,6,0,0,1,1,0.0,0.0,0,0,0,0,0,0.0,0.0,,,,,,,,,,,,,,
"bryant, tommy",2018,,73,190,"tuscaloosa, ala.",qb,7,0,0,0,0,0.0,0.0,0,0,0,0,0,0.0,0.0,6.0,0.0,0.0,1.0,1.0,0.0,0.0,0.0,0.0,0.0,0.0,0.0,0.0,0.0
"bryant, tommy",2019,,73,190,"tuscaloosa, ala.",qb,11,3,0,0,0,0.0,0.0,0,0,0,0,0,0.0,0.0,7.0,0.0,0.0,0.0,0.0,0.0,0.0,0.0,0.0,0.0,0.0,0.0,0.0,0.0
"burks, chandler",2017,,70,187,"douglasville, ga.",qb,14,14,0,0,0,0.0,0.0,0,0,0,0,0,0.0,0.0,,,,,,,,,,,,,,
"burks, chandler",2018,,70,190,"douglasville, ga.",qb,13,13,1,0,1,0.0,0.0,0,0,0,0,0,0.0,0.0,14.0,14.0,0.0,0.0,0.0,0.0,0.0,0.0,0.0,0.0,0.0,0.0,0.0,0.0
"burks, je'cory",2019,,72,167,"perry, ga.",db,12,0,1,1,2,0.0,0.0,0,0,0,0,0,0.0,0.0,,,,,,,,,,,,,,
"burks, je'cory",2021,,72,195,"perry, ga.",db,13,12,17,12,29,0.0,0.0,0,5,0,0,0,0.0,0.0,12.0,0.0,1.0,1.0,2.0,0.0,0.0,0.0,0.0,0.0,0.0,0.0,0.0,0.0
"burks, je'cory",2022,,72,195,"perry, ga.",db,11,10,23,13,36,3.0,0.0,0,8,0,0,0,1.0,0.0,13.0,12.0,17.0,12.0,29.0,0.0,0.0,0.0,0.0,0.0,5.0,0.0,0.0,0.0
"butcher, andrew",2018,,75,262,"alpharetta, ga.",dl,13,13,22,12,34,30.0,10.0,0,0,0,3,0,9.0,1.5,,,,,,,,,,,,,,
"butcher, andrew",2019,,75,262,"alpharetta, ga.",dl,9,8,8,8,16,9.0,5.0,0,0,0,0,0,2.5,2.0,13.0,13.0,22.0,12.0,34.0,9.0,30.0,1.5,10.0,0.0,0.0,0.0,3.0,0.0
"byrd, austin",2017,,75,244,"calhoun, ga.",te,12,0,0,0,0,0.0,0.0,0,0,0,0,0,0.0,0.0,,,,,,,,,,,,,,
"byrd, erwin",2021,,70,180,"powder springs, ga.",db,12,9,19,10,29,7.0,7.0,2,6,0,0,0,1.0,1.0,,,,,,,,,,,,,,
"carter, duronte",2017,,72,184,"covington, ga.",db,13,0,2,1,3,0.0,0.0,0,0,0,0,0,0.0,0.0,,,,,,,,,,,,,,
"chivers, trey",2017,,71,210,"carrollton, ga.",rb,14,0,0,0,0,0.0,0.0,0,0,0,0,0,0.0,0.0,,,,,,,,,,,,,,
"chivers, trey",2018,,71,200,"carrollton, ga.",rb,11,0,0,0,0,0.0,0.0,0,0,0,0,0,0.0,0.0,14.0,0.0,0.0,0.0,0.0,0.0,0.0,0.0,0.0,0.0,0.0,0.0,0.0,0.0
"clabough, dustin",2017,,72,189,"alcoa, tenn.",db,13,1,6,5,11,1.0,0.0,1,1,0,0,0,0.5,0.0,,,,,,,,,,,,,,
"clemons, yesiah",2021,,70,200,"griffin, ga.",rb,11,0,2,3,5,0.0,0.0,0,0,0,0,0,0.0,0.0,,,,,,,,,,,,,,
"clemons, yesiah",2022,,70,200,"griffin, ga.",rb,11,2,2,0,2,0.0,0.0,0,0,0,0,0,0.0,0.0,11.0,0.0,2.0,3.0,5.0,0.0,0.0,0.0,0.0,0.0,0.0,0.0,0.0,0.0
"clemons, yesiah",2023,business administration,70,215,"griffin, ga.",rb,8,0,3,2,5,0.0,0.0,0,0,0,0,0,0.0,0.0,11.0,2.0,2.0,0.0,2.0,0.0,0.0,0.0,0.0,0.0,0.0,0.0,0.0,0.0
"clemons, yesiah",2024,business administration (mba),70,210,"griffin, ga.",rb,4,0,1,1,2,0.0,0.0,0,0,0,0,0,0.0,0.0,8.0,0.0,3.0,2.0,5.0,0.0,0.0,0.0,0.0,0.0,0.0,0.0,0.0,0.0
"cole, david",2023,business,76,185,"ooltewah, tenn.",wr,2,0,0,0,0,0.0,0.0,0,0,0,0,0,0.0,0.0,,,,,,,,,,,,,,
"cole, david",2024,professional sales,76,180,"ooltewah, tenn.",wr,1,0,1,0,1,0.0,0.0,0,0,0,0,0,0.0,0.0,2.0,0.0,0.0,0.0,0.0,0.0,0.0,0.0,0.0,0.0,0.0,0.0,0.0,0.0
"compton, jeremiah",2018,,73,191,"waverly, ga.",db,1,0,0,0,0,0.0,0.0,0,0,0,0,0,0.0,0.0,,,,,,,,,,,,,,
"compton, jeremiah",2019,,73,191,"waverly, ga.",db,13,0,9,3,12,0.0,0.0,0,0,0,1,0,0.0,0.0,1.0,0.0,0.0,0.0,0.0,0.0,0.0,0.0,0.0,0.0,0.0,0.0,0.0,0.0
"cousin, iaan",2019,,72,165,"carrollton, ga.",rb,3,0,0,0,0,0.0,0.0,0,0,0,0,0,0.0,0.0,,,,,,,,,,,,,,
"cousin, iaan",2021,,72,165,"carrollton, ga.",rb,13,4,1,0,1,0.0,0.0,0,0,0,0,0,0.0,0.0,3.0,0.0,0.0,0.0,0.0,0.0,0.0,0.0,0.0,0.0,0.0,0.0,0.0,0.0
"cousin, iaan",2022,,72,160,"carrollton, ga.",rb,5,1,0,0,0,0.0,0.0,0,0,0,0,0,0.0,0.0,13.0,4.0,1.0,0.0,1.0,0.0,0.0,0.0,0.0,0.0,0.0,0.0,0.0,0.0
"cruz, nikko",2018,,69,212,"leesburg, ga.",rb,2,0,1,0,1,0.0,0.0,0,0,0,0,0,0.0,0.0,,,,,,,,,,,,,,
"cummins, conor",2021,,73,175,"marietta, ga.",k,3,0,2,0,2,0.0,0.0,0,0,0,0,0,0.0,0.0,,,,,,,,,,,,,,
"cummins, conor",2022,,73,175,"marietta, ga.",k,11,0,1,1,2,0.0,0.0,0,0,0,0,0,0.0,0.0,3.0,0.0,2.0,0.0,2.0,0.0,0.0,0.0,0.0,0.0,0.0,0.0,0.0,0.0
"daniels, preston",2019,,71,225,"sandersville, ga.",rb,4,0,0,0,0,0.0,0.0,0,0,0,0,0,0.0,0.0,,,,,,,,,,,,,,
"daniels, preston",2021,,71,250,"sandersville, ga.",rb,12,0,0,0,0,0.0,0.0,0,0,0,0,0,0.0,0.0,4.0,0.0,0.0,0.0,0.0,0.0,0.0,0.0,0.0,0.0,0.0,0.0,0.0,0.0
"daniels, preston",2022,,71,255,"sandersville, ga.",rb,9,8,0,0,0,0.0,0.0,0,0,0,0,0,0.0,0.0,12.0,0.0,0.0,0.0,0.0,0.0,0.0,0.0,0.0,0.0,0.0,0.0,0.0,0.0
"daniels, preston",2023,sport management,71,260,"sandersville, ga.",te,8,4,0,1,1,0.0,0.0,0,0,0,0,0,0.0,0.0,9.0,8.0,0.0,0.0,0.0,0.0,0.0,0.0,0.0,0.0,0.0,0.0,0.0,0.0
"daniels, preston",2024,undeclared,71,250,"sandersville, ga.",te,4,4,0,0,0,0.0,0.0,0,0,0,0,0,0.0,0.0,8.0,4.0,0.0,1.0,1.0,0.0,0.0,0.0,0.0,0.0,0.0,0.0,0.0,0.0
"dardy, ramontei",2023,business management,75,240,"dublin, ga.",dl,1,0,1,2,3,4.0,0.0,0,0,0,0,0,1.0,0.0,,,,,,,,,,,,,,
"david, daniel",2017,,73,214,"hoschton, ga.",qb,6,0,0,0,0,0.0,0.0,0,0,0,0,0,0.0,0.0,,,,,,,,,,,,,,
"david, daniel",2018,,73,212,"hoschton, ga.",qb,11,0,0,0,0,0.0,0.0,0,0,0,0,0,0.0,0.0,6.0,0.0,0.0,0.0,0.0,0.0,0.0,0.0,0.0,0.0,0.0,0.0,0.0,0.0
"david, daniel",2019,,73,212,"hoschton, ga.",qb,11,10,2,0,2,0.0,0.0,0,0,0,0,0,0.0,0.0,11.0,0.0,0.0,0.0,0.0,0.0,0.0,0.0,0.0,0.0,0.0,0.0,0.0,0.0
"davis, abdul",2017,,75,258,"macon, ga.",dl,11,0,4,5,9,3.0,0.0,0,0,0,0,0,2.0,0.0,,,,,,,,,,,,,,
"davis, abdul",2018,,75,260,"macon, ga.",dl,10,0,9,1,10,5.0,3.0,0,0,0,0,0,2.0,1.0,11.0,0.0,4.0,5.0,9.0,2.0,3.0,0.0,0.0,0.0,0.0,0.0,0.0,0.0
"dean, navelle",2023,exercise science,72,185,"columbus, ga.",wr,2,0,0,0,0,0.0,0.0,0,0,0,0,0,0.0,0.0,,,,,,,,,,,,,,
"dean, navelle",2024,sport management,72,185,"columbus, ga.",wr,4,0,1,1,2,0.0,0.0,0,0,0,0,0,0.0,0.0,2.0,0.0,0.0,0.0,0.0,0.0,0.0,0.0,0.0,0.0,0.0,0.0,0.0,0.0
"dees, jeremy",2019,,73,255,"evergreen, ala.",dl,3,0,1,0,1,6.0,6.0,0,0,0,0,0,1.0,1.0,,,,,,,,,,,,,,
"desmond johnson, jr.",2017,,74,227,"rome, ga.",dl,14,14,21,15,36,26.0,9.0,0,0,0,1,0,8.0,2.0,,,,,,,,,,,,,,
"desmond johnson, jr.",2018,,74,233,"rome, ga.",dl,13,13,24,9,33,37.0,16.0,0,0,2,1,0,8.5,2.0,14.0,14.0,21.0,15.0,36.0,8.0,26.0,2.0,9.0,0.0,0.0,0.0,1.0,0.0
"desmond johnson, jr.",2019,,74,233,"rome, ga.",dl,14,10,21,20,41,63.0,38.0,0,0,1,0,0,17.0,7.0,13.0,13.0,24.0,9.0,33.0,8.5,37.0,2.0,16.0,0.0,0.0,2.0,1.0,0.0
"diggs, alexander",2022,,69,190,"snellville, ga.",rb,3,0,0,0,0,0.0,0.0,0,0,0,0,0,0.0,0.0,,,,,,,,,,,,,,
"diggs, alexander",2023,finance,69,200,"snellville, ga.",rb,7,1,1,0,1,0.0,0.0,0,0,0,0,0,0.0,0.0,3.0,0.0,0.0,0.0,0.0,0.0,0.0,0.0,0.0,0.0,0.0,0.0,0.0,0.0
"diggs, alexander",2024,finance,69,185,"snellville, ga.",rb,2,0,0,0,0,0.0,0.0,0,0,0,0,0,0.0,0.0,7.0,1.0,1.0,0.0,1.0,0.0,0.0,0.0,0.0,0.0,0.0,0.0,0.0,0.0
"donald, cameron",2021,,73,250,"pelzer, s.c.",dl,2,0,0,0,0,0.0,0.0,0,0,0,0,0,0.0,0.0,,,,,,,,,,,,,,
"donald, cameron",2023,exercise science,73,280,"pelzer, s.c.",dl,7,0,5,8,13,5.0,5.0,0,0,0,0,0,1.0,1.0,,,,,,,,,,,,,,
"donaldson, cj",2023,undeclared,75,230,"metter, ga.",dl,1,0,0,0,0,0.0,0.0,0,0,0,0,0,0.0,0.0,,,,,,,,,,,,,,
"drake, quae",2018,,74,193,"wadley, al.",db,2,0,1,0,1,0.0,0.0,0,0,0,0,0,0.0,0.0,,,,,,,,,,,,,,
"drake, quae",2019,,74,193,"wadley, al.",db,12,0,11,7,18,3.0,0.0,0,1,0,0,0,2.0,0.0,2.0,0.0,1.0,0.0,1.0,0.0,0.0,0.0,0.0,0.0,0.0,0.0,0.0,0.0
"dunlap, tylon",2024,sport management,73,260,"charlotte, n.c.",dl,4,4,2,2,4,3.0,3.0,0,0,0,0,0,1.0,1.0,,,,,,,,,,,,,,
"ficklin, kevin",2017,,66,183,"dacula, ga.",rb,11,0,0,1,1,0.0,0.0,0,0,0,0,0,0.0,0.0,,,,,,,,,,,,,,
"ficklin, kevin",2018,,66,187,"dacula, ga.",rb,13,0,4,1,5,0.0,0.0,0,0,0,0,0,0.0,0.0,11.0,0.0,0.0,1.0,1.0,0.0,0.0,0.0,0.0,0.0,0.0,0.0,0.0,0.0
"ficklin, kevin",2019,,66,187,"dacula, ga.",rb,14,5,0,1,1,0.0,0.0,0,0,0,0,0,0.0,0.0,13.0,0.0,4.0,1.0,5.0,0.0,0.0,0.0,0.0,0.0,0.0,0.0,0.0,0.0
"finer, connor",2021,,74,220,"new port richey, fla.",te,1,0,0,0,0,0.0,0.0,0,0,0,0,0,0.0,0.0,,,,,,,,,,,,,,
"finer, connor",2022,,74,215,"new port richey, fla.",te,10,0,0,1,1,0.0,0.0,0,0,0,0,0,0.0,0.0,1.0,0.0,0.0,0.0,0.0,0.0,0.0,0.0,0.0,0.0,0.0,0.0,0.0,0.0
"finer, connor",2023,business management,74,205,"new port richey, fla.",wr,8,2,0,2,2,0.0,0.0,0,0,0,0,0,0.0,0.0,10.0,0.0,0.0,1.0,1.0,0.0,0.0,0.0,0.0,0.0,0.0,0.0,0.0,0.0
"finer, connor",2024,management/interdisciplinary studies,74,215,"new port richey, fla.",te,4,0,0,0,0,0.0,0.0,0,0,0,0,0,0.0,0.0,8.0,2.0,0.0,2.0,2.0,0.0,0.0,0.0,0.0,0.0,0.0,0.0,0.0,0.0
"flood, deontae",2018,,73,247,"atlanta, ga.",dl,2,0,1,0,1,0.0,0.0,0,0,0,0,0,0.0,0.0,,,,,,,,,,,,,,
"foster, isaac",2018,,70,165,"summerville, ga.",rb,13,0,3,2,5,0.0,0.0,0,0,0,0,0,0.0,0.0,,,,,,,,,,,,,,
"foster, isaac",2019,,70,165,"summerville, ga.",rb,8,7,0,0,0,0.0,0.0,0,0,0,0,0,0.0,0.0,13.0,0.0,3.0,2.0,5.0,0.0,0.0,0.0,0.0,0.0,0.0,0.0,0.0,0.0
"foster, isaac",2021,,70,170,"summerville, ga.",rb,3,3,0,0,0,0.0,0.0,0,0,0,0,0,0.0,0.0,8.0,7.0,0.0,0.0,0.0,0.0,0.0,0.0,0.0,0.0,0.0,0.0,0.0,0.0
"foster, isaac",2022,,70,175,"summerville, ga.",rb,11,9,1,1,2,0.0,0.0,0,0,0,0,0,0.0,0.0,3.0,3.0,0.0,0.0,0.0,0.0,0.0,0.0,0.0,0.0,0.0,0.0,0.0,0.0
"foster, isaac",2023,business management,70,175,"summerville, ga.",wr,8,7,1,0,1,0.0,0.0,0,0,0,0,0,0.0,0.0,11.0,9.0,1.0,1.0,2.0,0.0,0.0,0.0,0.0,0.0,0.0,0.0,0.0,0.0
"frank, matt",2017,,75,300,"fairburn, ga.",ol,12,12,0,0,0,0.0,0.0,0,0,0,0,0,0.0,0.0,,,,,,,,,,,,,,
"franklin, deldrick",2023,sport management,72,225,"atlanta, ga.",lb,1,0,0,0,0,0.0,0.0,0,0,0,0,0,0.0,0.0,,,,,,,,,,,,,,
"franklin, deldrick",2024,sport management,72,225,"atlanta, ga.",lb,4,0,0,2,2,0.0,0.0,0,0,0,0,0,0.0,0.0,1.0,0.0,0.0,0.0,0.0,0.0,0.0,0.0,0.0,0.0,0.0,0.0,0.0,0.0
"gamble, chance",2021,,74,165,"fitzgerald, ga.",db,5,0,6,1,7,8.0,0.0,1,3,1,0,0,1.0,0.0,,,,,,,,,,,,,,
"gamble, chance",2022,,74,170,"fitzgerald, ga.",db,10,10,36,13,49,2.0,0.0,3,5,0,2,0,1.0,0.0,5.0,0.0,6.0,1.0,7.0,1.0,8.0,0.0,0.0,1.0,3.0,1.0,0.0,0.0
"genovese, jordan",2017,,77,190,"alpharetta, ga.",,14,0,1,0,1,0.0,0.0,0,0,0,0,0,0.0,0.0,,,,,,,,,,,,,,
"glover, kyle",2017,,71,209,"eastman, ga.",lb,10,0,2,0,2,0.0,0.0,0,0,0,0,0,0.0,0.0,,,,,,,,,,,,,,
"glover, kyle",2018,,71,204,"eastman, ga.",rb,12,1,0,1,1,0.0,0.0,0,0,0,0,0,0.0,0.0,10.0,0.0,2.0,0.0,2.0,0.0,0.0,0.0,0.0,0.0,0.0,0.0,0.0,0.0
"glover, kyle",2019,,71,204,"eastman, ga.",rb,14,3,0,0,0,0.0,0.0,0,0,0,0,0,0.0,0.0,12.0,1.0,0.0,1.0,1.0,0.0,0.0,0.0,0.0,0.0,0.0,0.0,0.0,0.0
"glover, kyle",2021,,71,215,"eastman, ga.",rb,13,12,0,2,2,0.0,0.0,0,0,0,0,0,0.0,0.0,14.0,3.0,0.0,0.0,0.0,0.0,0.0,0.0,0.0,0.0,0.0,0.0,0.0,0.0
"grier, antavius",2018,,69,158,"jackson, ga.",rb,4,0,1,0,1,0.0,0.0,0,0,0,0,0,0.0,0.0,,,,,,,,,,,,,,
"grier, antavius",2019,,69,158,"jackson, ga.",rb,10,0,0,0,0,0.0,0.0,0,0,0,0,0,0.0,0.0,4.0,0.0,1.0,0.0,1.0,0.0,0.0,0.0,0.0,0.0,0.0,0.0,0.0,0.0
"haigler, will",2019,,73,206,"tallahassee, fla.",wr,9,0,0,0,0,0.0,0.0,0,0,0,0,0,0.0,0.0,,,,,,,,,,,,,,
"haigler, will",2021,,73,210,"tallahassee, fla.",wr,13,9,0,0,0,0.0,0.0,0,0,0,0,0,0.0,0.0,9.0,0.0,0.0,0.0,0.0,0.0,0.0,0.0,0.0,0.0,0.0,0.0,0.0,0.0
"hallum, tyler",2023,sports marketing,71,180,"marietta, ga.",db,4,3,7,4,11,0.0,0.0,0,1,0,0,0,0.0,0.0,,,,,,,,,,,,,,
"hallum, tyler",2024,sport management,71,190,"marietta, ga.",db,4,4,14,2,16,0.0,0.0,0,1,1,0,0,0.0,0.0,4.0,3.0,7.0,4.0,11.0,0.0,0.0,0.0,0.0,0.0,1.0,0.0,0.0,0.0
"hamilton, five",2023,business entreprenuer,70,165,"stockbridge, ga.",db,2,1,1,0,1,0.0,0.0,0,1,0,0,0,0.0,0.0,,,,,,,,,,,,,,
"hancock, kj",2018,,73,210,"suwanee, ga.",wr,12,3,0,0,0,0.0,0.0,0,0,0,0,0,0.0,0.0,,,,,,,,,,,,,,
"hancock, kj",2019,,73,210,"suwanee, ga.",wr,14,3,0,0,0,0.0,0.0,0,1,0,0,0,0.0,0.0,12.0,3.0,0.0,0.0,0.0,0.0,0.0,0.0,0.0,0.0,0.0,0.0,0.0,0.0
"hand, dylan",2021,,72,195,"dacula, ga.",db,10,0,4,3,7,0.0,0.0,1,2,0,0,0,0.0,0.0,,,,,,,,,,,,,,
"hand, dylan",2022,,72,195,"dacula, ga.",db,9,1,4,2,6,0.0,0.0,1,1,0,0,0,0.0,0.0,10.0,0.0,4.0,3.0,7.0,0.0,0.0,0.0,0.0,1.0,2.0,0.0,0.0,0.0
"hannon, dylan",2023,finance,74,275,"alpharetta, ga.",dl,2,0,0,1,1,0.0,0.0,0,0,0,0,0,0.0,0.0,,,,,,,,,,,,,,
"hargrove, trey",2023,pyschology,71,210,"waycross, ga.",lb,1,0,0,2,2,0.0,0.0,0,0,0,0,0,0.0,0.0,,,,,,,,,,,,,,
"harper, xavier",2017,,72,190,"hoschton, ga.",wr,12,12,0,0,0,0.0,0.0,0,0,0,0,0,0.0,0.0,,,,,,,,,,,,,,
"harper, xavier",2018,,72,194,"hoschton, ga.",wr,12,10,0,0,0,0.0,0.0,0,0,0,0,0,0.0,0.0,12.0,12.0,0.0,0.0,0.0,0.0,0.0,0.0,0.0,0.0,0.0,0.0,0.0,0.0
"harris, ryan",2021,,70,180,"irmo, s.c.",db,13,1,4,2,6,0.0,0.0,0,0,0,0,0,0.0,0.0,,,,,,,,,,,,,,
"harris, ryan",2022,,70,170,"irmo, s.c.",db,3,0,1,0,1,0.0,0.0,0,0,0,0,0,0.0,0.0,13.0,1.0,4.0,2.0,6.0,0.0,0.0,0.0,0.0,0.0,0.0,0.0,0.0,0.0
"hazel-polkinghorne, finn",2021,,76,280,"williamstown, australia",dl,1,0,1,0,1,0.0,0.0,0,0,0,0,0,0.0,0.0,,,,,,,,,,,,,,
"henderson, sean",2018,,73,181,"norcross, ga.",k,4,0,1,3,4,2.0,0.0,0,0,0,0,0,1.0,0.0,,,,,,,,,,,,,,
"henderson, sean",2019,,73,181,"norcross, ga.",k,14,6,26,17,43,2.0,0.0,0,0,1,0,0,2.0,0.0,4.0,0.0,1.0,3.0,4.0,1.0,2.0,0.0,0.0,0.0,0.0,0.0,0.0,0.0
"henderson, troy",2018,,71,223,"cleveland, ohio",lb,3,0,1,3,4,2.0,0.0,0,0,0,0,0,1.0,0.0,,,,,,,,,,,,,,
"henderson, troy",2019,,71,223,"cleveland, ohio",lb,14,0,26,17,43,2.0,0.0,0,0,1,0,0,2.0,0.0,3.0,0.0,1.0,3.0,4.0,1.0,2.0,0.0,0.0,0.0,0.0,0.0,0.0,0.0
"henkle, taylor",2017,,71,192,"marietta, ga.",db,14,14,41,16,57,6.0,0.0,3,5,1,2,0,3.5,0.0,,,,,,,,,,,,,,
"hill, xavier",2021,,74,200,"pleasant grove, ala.",wr,9,2,0,0,0,0.0,0.0,0,0,0,0,0,0.0,0.0,,,,,,,,,,,,,,
"holland, darnell",2017,,70,190,"bowdon, ga.",rb,14,13,4,1,5,0.0,0.0,0,0,0,0,0,0.0,0.0,,,,,,,,,,,,,,
"holland, darnell",2018,,70,195,"bowdon, ga.",rb,13,13,4,1,5,0.0,0.0,0,0,0,0,0,0.0,0.0,14.0,13.0,4.0,1.0,5.0,0.0,0.0,0.0,0.0,0.0,0.0,0.0,0.0,0.0
"hopson, baron",2023,civil engineering,73,215,"leesburg, ga.",lb,4,4,11,13,24,2.0,0.0,0,1,0,0,0,1.5,0.0,,,,,,,,,,,,,,
"hopson, baron",2024,civil engineering,73,215,"leesburg, ga.",lb,3,3,5,11,16,0.0,0.0,0,1,0,0,0,0.0,0.0,4.0,4.0,11.0,13.0,24.0,1.5,2.0,0.0,0.0,0.0,1.0,0.0,0.0,0.0
"jackson, adrian",2018,,74,221,"hoschton, ga.",te,1,0,0,0,0,0.0,0.0,0,0,0,0,0,0.0,0.0,,,,,,,,,,,,,,
"jackson, adrian",2019,,74,221,"hoschton, ga.",te,16,7,0,0,0,0.0,0.0,0,0,0,0,1,0.0,0.0,1.0,0.0,0.0,0.0,0.0,0.0,0.0,0.0,0.0,0.0,0.0,0.0,0.0,0.0
"jackson, jalen",2018,,74,197,"powder springs, ga.",wr,1,0,0,0,0,0.0,0.0,0,0,0,0,0,0.0,0.0,,,,,,,,,,,,,,
"jackson, jalen",2019,,74,197,"powder springs, ga.",wr,14,0,0,0,0,0.0,0.0,0,0,0,0,1,0.0,0.0,1.0,0.0,0.0,0.0,0.0,0.0,0.0,0.0,0.0,0.0,0.0,0.0,0.0,0.0
"jarrett, jaylan",2023,sport management,74,305,"pike road, ala.",dl,1,0,1,0,1,0.0,0.0,0,0,0,0,0,0.0,0.0,,,,,,,,,,,,,,
"jarrett, jaylan",2024,sport management,74,295,"pike road, ala.",dl,1,0,0,0,0,0.0,0.0,0,0,0,0,0,0.0,0.0,1.0,0.0,1.0,0.0,1.0,0.0,0.0,0.0,0.0,0.0,0.0,0.0,0.0,0.0
"jenkins, montrel",2021,,72,200,"acworth, ga.",lb,8,0,1,3,4,0.0,0.0,0,0,0,0,0,0.0,0.0,,,,,,,,,,,,,,
"jenkins, montrel",2022,,72,215,"acworth, ga.",lb,11,0,18,18,36,7.0,2.0,0,0,1,0,0,2.5,1.0,8.0,0.0,1.0,3.0,4.0,0.0,0.0,0.0,0.0,0.0,0.0,0.0,0.0,0.0
"jenkins, william",2019,,72,200,"decatur, ga.",lb,1,0,0,0,0,0.0,0.0,0,0,0,0,0,0.0,0.0,,,,,,,,,,,,,,
"jenkins, william",2021,,72,200,"decatur, ga.",lb,3,0,1,0,1,0.0,0.0,0,0,0,0,0,0.0,0.0,1.0,0.0,0.0,0.0,0.0,0.0,0.0,0.0,0.0,0.0,0.0,0.0,0.0,0.0
"jenkins, william",2022,,72,215,"decatur, ga.",lb,11,2,12,10,22,3.0,0.0,0,0,0,0,0,1.0,0.0,3.0,0.0,1.0,0.0,1.0,0.0,0.0,0.0,0.0,0.0,0.0,0.0,0.0,0.0
"johnson, donelius",2022,,72,215,"patterson, ga.",lb,1,0,0,0,0,0.0,0.0,0,0,0,0,0,0.0,0.0,,,,,,,,,,,,,,
"johnson, donelius",2023,exercise science,72,230,"patterson, ga.",lb,8,4,20,12,32,19.0,15.0,0,0,2,1,0,4.0,2.0,1.0,0.0,0.0,0.0,0.0,0.0,0.0,0.0,0.0,0.0,0.0,0.0,0.0,0.0
"johnson, donelius",2024,exercise science,72,220,"patterson, ga.",lb,4,1,4,15,19,25.0,22.0,0,0,0,0,0,3.5,2.0,8.0,4.0,20.0,12.0,32.0,4.0,19.0,2.0,15.0,0.0,0.0,2.0,1.0,0.0
"jones, luther",2017,,72,296,"blairsville, ga.",ol,11,0,0,0,0,0.0,0.0,0,0,0,0,0,0.0,0.0,,,,,,,,,,,,,,
"jones, milon",2022,,71,175,"marietta, ga.",db,5,0,1,4,5,0.0,0.0,0,1,0,0,0,0.0,0.0,,,,,,,,,,,,,,
"jones, milon",2023,finance,71,185,"marietta, ga.",db,8,0,0,0,0,0.0,0.0,0,0,0,0,0,0.0,0.0,5.0,0.0,1.0,4.0,5.0,0.0,0.0,0.0,0.0,0.0,1.0,0.0,0.0,0.0
"jones, milon",2024,finance,71,190,"marietta, ga.",db,4,1,6,14,20,1.0,0.0,0,1,1,0,0,0.5,0.0,8.0,0.0,0.0,0.0,0.0,0.0,0.0,0.0,0.0,0.0,0.0,0.0,0.0,0.0
"jones, randy",2018,,66,176,"elberton, ga.",rb,5,0,2,0,2,0.0,0.0,0,0,0,0,0,0.0,0.0,,,,,,,,,,,,,,
"jones, tanner",2018,,70,174,"kennesaw, ga.",db,11,0,8,2,10,2.0,0.0,0,0,0,0,0,1.0,0.0,,,,,,,,,,,,,,
"jones, tanner",2019,,70,174,"kennesaw, ga.",wr,12,0,4,0,4,0.0,0.0,0,0,0,0,1,0.0,0.0,11.0,0.0,8.0,2.0,10.0,1.0,2.0,0.0,0.0,0.0,0.0,0.0,0.0,0.0
"jr., jerico washington",2023,exercise science,70,165,"atlanta, ga.",db,4,4,11,4,15,0.0,0.0,3,5,0,0,0,0.0,0.0,,,,,,,,,,,,,,
"jr., jerico washington",2024,exercise science,70,175,"atlanta, ga.",db,4,4,12,6,18,0.0,0.0,0,1,1,1,0,0.0,0.0,4.0,4.0,11.0,4.0,15.0,0.0,0.0,0.0,0.0,3.0,5.0,0.0,0.0,0.0
"justice, donte",2021,,71,180,"gordon, ga.",db,9,1,6,3,9,0.0,0.0,0,0,0,0,0,0.0,0.0,,,,,,,,,,,,,,
"katina, zion",2018,,74,282,"franklin, tenn.",ol,3,0,0,0,0,0.0,0.0,0,0,0,0,0,0.0,0.0,,,,,,,,,,,,,,
"katina, zion",2019,,74,282,"franklin, tenn.",ol,13,9,0,0,0,0.0,0.0,0,0,0,0,0,0.0,0.0,3.0,0.0,0.0,0.0,0.0,0.0,0.0,0.0,0.0,0.0,0.0,0.0,0.0,0.0
"katina, zion",2021,,74,285,"franklin, tenn.",ol,10,10,1,0,1,0.0,0.0,0,0,0,0,0,0.0,0.0,13.0,9.0,0.0,0.0,0.0,0.0,0.0,0.0,0.0,0.0,0.0,0.0,0.0,0.0
"katina, zion",2022,,74,285,"franklin, tenn.",ol,9,8,0,0,0,0.0,0.0,0,0,0,0,0,0.0,0.0,10.0,10.0,1.0,0.0,1.0,0.0,0.0,0.0,0.0,0.0,0.0,0.0,0.0,0.0
"kent, carson",2022,,76,230,"milton, ga.",te,1,0,0,0,0,0.0,0.0,0,0,0,0,0,0.0,0.0,,,,,,,,,,,,,,
"kent, carson",2023,businesss management,76,240,"milton, ga.",te,8,5,1,0,1,0.0,0.0,0,0,0,0,0,0.0,0.0,1.0,0.0,0.0,0.0,0.0,0.0,0.0,0.0,0.0,0.0,0.0,0.0,0.0,0.0
"kent, carson",2024,management,76,240,"milton, ga.",te,3,2,0,0,0,0.0,0.0,0,0,0,0,0,0.0,0.0,8.0,5.0,1.0,0.0,1.0,0.0,0.0,0.0,0.0,0.0,0.0,0.0,0.0,0.0
"kimble, jaiden",2024,undeclared,72,195,"columbia, s.c.",lb,4,0,1,4,5,0.0,0.0,0,0,0,0,0,0.0,0.0,,,,,,,,,,,,,,
"kirby, elijah",2021,,73,205,"sandy springs, ga.",db,8,0,2,0,2,0.0,0.0,0,0,0,0,0,0.0,0.0,,,,,,,,,,,,,,
"kirby, elijah",2022,,73,210,"sandy springs, ga.",db,7,0,0,0,0,0.0,0.0,0,0,0,0,0,0.0,0.0,8.0,0.0,2.0,0.0,2.0,0.0,0.0,0.0,0.0,0.0,0.0,0.0,0.0,0.0
"larry, le'vonte",2018,,69,181,"jesup, ga.",db,13,11,34,9,43,15.0,0.0,0,5,1,0,0,4.5,0.0,,,,,,,,,,,,,,
"larry, le'vonte",2019,,69,181,"jesup, ga.",db,14,10,28,21,49,4.0,3.0,1,7,1,0,0,1.0,0.5,13.0,11.0,34.0,9.0,43.0,4.5,15.0,0.0,0.0,0.0,5.0,1.0,0.0,0.0
"lay, jordan",2022,,71,205,"hartwell, ga.",rb,10,0,2,0,2,0.0,0.0,0,0,0,0,0,0.0,0.0,,,,,,,,,,,,,,
"ledet, marquis",2021,,72,190,"marietta, ga.",rb,8,0,0,1,1,0.0,0.0,0,0,0,0,0,0.0,0.0,,,,,,,,,,,,,,
"ledet, marquis",2022,,72,205,"marietta, ga.",rb,8,1,0,0,0,0.0,0.0,0,0,0,0,0,0.0,0.0,8.0,0.0,0.0,1.0,1.0,0.0,0.0,0.0,0.0,0.0,0.0,0.0,0.0,0.0
"leiataua, eli",2022,,71,215,"hinesville, ga.",rb,10,0,3,1,4,0.0,0.0,0,0,0,0,0,0.0,0.0,,,,,,,,,,,,,,
"leiataua, eli",2023,mechanical engineering,71,220,"hinesville, ga.",te,8,0,4,4,8,0.0,0.0,0,0,0,0,0,0.0,0.0,10.0,0.0,3.0,1.0,4.0,0.0,0.0,0.0,0.0,0.0,0.0,0.0,0.0,0.0
"leiataua, eli",2024,interdisciplinary studies,71,215,"hinesville, ga.",lb,2,0,0,0,0,0.0,0.0,0,0,0,0,0,0.0,0.0,8.0,0.0,4.0,4.0,8.0,0.0,0.0,0.0,0.0,0.0,0.0,0.0,0.0,0.0
"loden, cade",2019,,72,170,"st. mary's, ga.",db,2,0,0,1,1,0.0,0.0,0,0,0,0,0,0.0,0.0,,,,,,,,,,,,,,
"loden, cade",2021,,72,175,"st. mary's, ga.",db,11,0,3,1,4,0.0,0.0,0,0,0,0,0,0.0,0.0,2.0,0.0,0.0,1.0,1.0,0.0,0.0,0.0,0.0,0.0,0.0,0.0,0.0,0.0
"loden, cade",2022,,72,180,"st. mary's, ga.",wr,10,0,1,1,2,0.0,0.0,0,0,0,0,0,0.0,0.0,11.0,0.0,3.0,1.0,4.0,0.0,0.0,0.0,0.0,0.0,0.0,0.0,0.0,0.0
"loden, cole",2018,,71,176,"st. mary's, ga.",db,13,2,13,8,21,0.0,0.0,0,2,0,0,1,0.0,0.0,,,,,,,,,,,,,,
"loden, cole",2019,,71,176,"st. mary's, ga.",db,14,3,20,5,25,3.0,0.0,1,1,0,0,0,1.0,0.0,13.0,2.0,13.0,8.0,21.0,0.0,0.0,0.0,0.0,0.0,2.0,0.0,0.0,1.0
"loden, cole",2021,,71,185,"st. mary's, ga.",db,13,9,28,16,44,0.0,0.0,1,5,0,0,0,0.0,0.0,14.0,3.0,20.0,5.0,25.0,1.0,3.0,0.0,0.0,1.0,1.0,0.0,0.0,0.0
"louis, camari",2019,,70,180,"moultrie, ga.",db,3,0,1,0,1,0.0,0.0,0,0,0,0,0,0.0,0.0,,,,,,,,,,,,,,
"marcus, justin",2017,,75,238,"macon, ga.",dl,14,2,8,8,16,32.0,30.0,0,0,0,1,0,5.5,4.0,,,,,,,,,,,,,,
"marshall, chavis",2019,,75,179,"sylvester, ga.",wr,10,0,0,1,1,0.0,0.0,0,0,0,0,0,0.0,0.0,,,,,,,,,,,,,,
"marshall, chavis",2021,,75,190,"sylvester, ga.",wr,12,0,0,0,0,0.0,0.0,0,0,0,0,0,0.0,0.0,10.0,0.0,0.0,1.0,1.0,0.0,0.0,0.0,0.0,0.0,0.0,0.0,0.0,0.0
"marshall, chavis",2022,,75,195,"sylvester, ga.",wr,11,10,0,0,0,0.0,0.0,0,0,0,0,0,0.0,0.0,12.0,0.0,0.0,0.0,0.0,0.0,0.0,0.0,0.0,0.0,0.0,0.0,0.0,0.0
"marts, gavin",2021,,72,230,"jacksonville, fla.",rb,8,0,1,2,3,0.0,0.0,0,0,0,0,0,0.0,0.0,,,,,,,,,,,,,,
"mason, cincere",2018,,72,212,"atlanta, ga.",db,12,10,15,9,24,11.0,0.0,4,7,0,1,0,2.5,0.0,,,,,,,,,,,,,,
"mason, cincere",2019,,72,212,"atlanta, ga.",db,14,13,27,15,42,3.0,0.0,1,4,1,1,0,2.5,0.0,12.0,10.0,15.0,9.0,24.0,2.5,11.0,0.0,0.0,4.0,7.0,0.0,1.0,0.0
"mccracken, drew",2017,,73,187,"calhoun, ga.",ls,14,0,1,0,1,0.0,0.0,0,0,0,0,0,0.0,0.0,,,,,,,,,,,,,,
"mccracken, drew",2018,,73,195,"calhoun, ga.",ls,13,0,0,0,0,0.0,0.0,0,0,0,0,0,0.0,0.0,14.0,0.0,1.0,0.0,1.0,0.0,0.0,0.0,0.0,0.0,0.0,0.0,0.0,0.0
"mccracken, zane",2021,,74,200,"calhoun, ga.",ls,1,0,0,0,0,0.0,0.0,0,0,0,0,0,0.0,0.0,,,,,,,,,,,,,,
"mccracken, zane",2022,,74,200,"calhoun, ga.",ls,11,0,1,0,1,0.0,0.0,0,0,0,0,0,0.0,0.0,1.0,0.0,0.0,0.0,0.0,0.0,0.0,0.0,0.0,0.0,0.0,0.0,0.0,0.0
"miles, jordan",2023,interdisciplinary studies,74,245,"indianapolis, ind.",dl,8,8,12,10,22,11.0,7.0,0,1,0,0,0,3.0,1.0,,,,,,,,,,,,,,
"miles, jordan",2024,interdisciplinary studies,74,245,"indianapolis, ind.",dl,4,4,3,13,16,12.0,10.0,0,0,0,0,0,3.5,1.0,8.0,8.0,12.0,10.0,22.0,3.0,11.0,1.0,7.0,0.0,1.0,0.0,0.0,0.0
"miller, aj",2023,finance,75,275,"rock hill, s.c.",dl,1,0,0,1,1,0.0,0.0,0,0,0,0,0,0.5,0.0,,,,,,,,,,,,,,
"miller, barclay",2017,,72,240,"denham springs, la.",dl,3,0,1,0,1,0.0,0.0,0,0,0,0,0,0.0,0.0,,,,,,,,,,,,,,
"mills, courtney",2018,,73,240,"powder springs, ga.",lb,7,0,8,1,9,4.0,1.0,0,0,0,0,0,1.5,0.5,,,,,,,,,,,,,,
"mills, courtney",2019,,73,240,"powder springs, ga.",lb,12,0,5,7,12,8.0,8.0,0,0,0,0,0,2.0,1.0,7.0,0.0,8.0,1.0,9.0,1.5,4.0,0.5,1.0,0.0,0.0,0.0,0.0,0.0
"mincey, mike",2022,,73,230,"waycross, ga.",lb,7,2,9,7,16,6.0,0.0,0,0,0,0,0,3.5,0.0,,,,,,,,,,,,,,
"mitchell, tyrik",2018,,69,172,"jackson, ga.",db,7,0,2,1,3,0.0,0.0,1,1,0,0,0,0.0,0.0,,,,,,,,,,,,,,
"montgomery, brenden",2018,,74,285,"hoschton, ga.",dl,2,0,2,0,2,1.0,0.0,0,0,0,0,0,1.0,0.0,,,,,,,,,,,,,,
"montgomery, markeith",2018,,69,172,"flintstone, ga.",db,4,0,0,1,1,0.0,0.0,0,0,0,0,0,0.0,0.0,,,,,,,,,,,,,,
"montgomery, markeith",2019,,69,172,"flintstone, ga.",db,12,3,21,4,25,6.0,0.0,3,7,0,1,0,1.5,0.0,4.0,0.0,0.0,1.0,1.0,0.0,0.0,0.0,0.0,0.0,0.0,0.0,0.0,0.0
"montgomery, markeith",2021,,70,195,"flintstone, ga.",db,12,5,19,14,33,1.0,0.0,2,4,0,1,0,1.0,0.0,12.0,3.0,21.0,4.0,25.0,1.5,6.0,0.0,0.0,3.0,7.0,0.0,1.0,0.0
"montgomery, markeith",2022,,70,185,"flintstone, ga.",db,11,10,37,23,60,16.0,0.0,5,12,2,0,0,6.0,0.0,12.0,5.0,19.0,14.0,33.0,1.0,1.0,0.0,0.0,2.0,4.0,0.0,1.0,0.0
"montgomery, markeith",2023,sport management,70,190,"flintstone, ga.",db,8,8,29,14,43,32.0,0.0,2,2,0,0,0,9.5,0.0,11.0,10.0,37.0,23.0,60.0,6.0,16.0,0.0,0.0,5.0,12.0,2.0,0.0,0.0
"moore, peyton",2017,,74,239,"hoschton, ga.",dl,12,0,8,1,9,14.0,11.0,0,1,1,0,0,3.0,2.0,,,,,,,,,,,,,,
"moore, peyton",2018,,74,237,"hoschton, ga.",dl,13,0,9,2,11,12.0,9.0,0,0,1,1,0,4.0,2.0,12.0,0.0,8.0,1.0,9.0,3.0,14.0,2.0,11.0,0.0,1.0,1.0,0.0,0.0
"moore, peyton",2019,,74,237,"hoschton, ga.",dl,12,7,16,8,24,26.0,21.0,0,1,2,0,0,6.0,3.0,13.0,0.0,9.0,2.0,11.0,4.0,12.0,2.0,9.0,0.0,0.0,1.0,1.0,0.0
"moore, tyler",2018,,73,259,"phenix city, ala.",dl,10,0,10,4,14,9.0,4.0,0,0,0,0,0,3.0,1.5,,,,,,,,,,,,,,
"moore, tyler",2019,,73,259,"phenix city, ala.",dl,12,5,7,12,19,5.0,0.0,0,0,0,2,0,1.5,0.0,10.0,0.0,10.0,4.0,14.0,3.0,9.0,1.5,4.0,0.0,0.0,0.0,0.0,0.0
"moore, tyler",2021,,73,250,"phenix city, ala.",dl,13,5,11,12,23,2.0,0.0,0,0,3,1,0,1.0,1.0,12.0,5.0,7.0,12.0,19.0,1.5,5.0,0.0,0.0,0.0,0.0,0.0,2.0,0.0
"morris, deontre",2021,,71,175,"atlanta, ga.",db,2,0,1,0,1,0.0,0.0,0,0,0,0,0,0.0,0.0,,,,,,,,,,,,,,
"morris, deontre",2022,,71,185,"atlanta, ga.",db,10,9,32,18,50,0.0,0.0,5,11,1,1,0,0.0,0.0,2.0,0.0,1.0,0.0,1.0,0.0,0.0,0.0,0.0,0.0,0.0,0.0,0.0,0.0
"murphy, jonathan",2019,,72,190,"los angeles, calif.",qb,4,1,0,0,0,0.0,0.0,0,0,0,0,0,0.0,0.0,,,,,,,,,,,,,,
"murphy, jonathan",2021,,72,195,"los angeles, calif.",qb,7,0,1,0,1,0.0,0.0,0,0,0,0,0,0.0,0.0,4.0,1.0,0.0,0.0,0.0,0.0,0.0,0.0,0.0,0.0,0.0,0.0,0.0,0.0
"murphy, jonathan",2022,,72,190,"los angeles, calif.",qb,6,3,0,0,0,0.0,0.0,0,0,0,0,0,0.0,0.0,7.0,0.0,1.0,0.0,1.0,0.0,0.0,0.0,0.0,0.0,0.0,0.0,0.0,0.0
"murphy, jonathan",2023,interdisciplinary studies,72,190,"los angeles, calif.",qb,8,8,0,0,0,0.0,0.0,0,0,0,0,0,0.0,0.0,6.0,3.0,0.0,0.0,0.0,0.0,0.0,0.0,0.0,0.0,0.0,0.0,0.0,0.0
"myers, jahon",2021,,75,250,"luella, ga.",dl,13,1,6,6,12,23.0,11.0,0,1,0,0,0,2.5,1.0,,,,,,,,,,,,,,
"myers, jahon",2022,,75,255,"luella, ga.",dl,11,10,13,16,29,32.0,22.0,0,0,1,0,0,7.0,3.0,13.0,1.0,6.0,6.0,12.0,2.5,23.0,1.0,11.0,0.0,1.0,0.0,0.0,0.0
"myers, jahon",2024,business administration (mba)/financial technology,75,260,"luella, ga.",dl,3,0,0,4,4,0.0,0.0,0,0,0,0,0,0.0,0.0,,,,,,,,,,,,,,
"nelson, clayton",2019,,72,188,"buford, ga.",db,4,0,1,0,1,0.0,0.0,0,0,0,0,0,0.0,0.0,,,,,,,,,,,,,,
"nelson, clayton",2021,,72,185,"buford, ga.",wr,1,0,0,0,0,0.0,0.0,0,0,0,0,0,0.0,0.0,4.0,0.0,1.0,0.0,1.0,0.0,0.0,0.0,0.0,0.0,0.0,0.0,0.0,0.0
"nelson, clayton",2022,,72,190,"buford, ga.",wr,3,0,0,0,0,0.0,0.0,0,0,0,0,0,0.0,0.0,1.0,0.0,0.0,0.0,0.0,0.0,0.0,0.0,0.0,0.0,0.0,0.0,0.0,0.0
"ness, jack",2018,,72,203,"buford, ga.",lb,10,0,3,2,5,4.0,0.0,0,0,0,0,0,2.0,0.0,,,,,,,,,,,,,,
"ness, jack",2019,,72,203,"buford, ga.",lb,8,0,2,0,2,0.0,0.0,0,0,0,0,0,0.0,0.0,10.0,0.0,3.0,2.0,5.0,2.0,4.0,0.0,0.0,0.0,0.0,0.0,0.0,0.0
"nwadike, chiaza",2017,,75,286,"riverdale, ga.",ol,7,2,0,0,0,0.0,0.0,0,0,0,0,0,0.0,0.0,,,,,,,,,,,,,,
"nwadike, chiaza",2018,,75,290,"riverdale, ga.",ol,13,11,0,0,0,0.0,0.0,0,0,0,0,0,0.0,0.0,7.0,2.0,0.0,0.0,0.0,0.0,0.0,0.0,0.0,0.0,0.0,0.0,0.0,0.0
"nwoha, ugonna",2022,,75,265,"austell, ga.",dl,2,0,1,0,1,0.0,0.0,0,0,0,0,0,0.0,0.0,,,,,,,,,,,,,,
"nwoha, ugonna",2023,cyber security,75,255,"austell, ga.",dl,4,1,2,1,3,7.0,7.0,0,0,0,0,0,2.0,2.0,2.0,0.0,1.0,0.0,1.0,0.0,0.0,0.0,0.0,0.0,0.0,0.0,0.0,0.0
"nwoha, ugonna",2024,cyber security,75,260,"austell, ga.",dl,4,0,0,3,3,1.0,0.0,0,1,0,0,0,0.5,0.0,4.0,1.0,2.0,1.0,3.0,2.0,7.0,2.0,7.0,0.0,0.0,0.0,0.0,0.0
"o'neal, caleb",2018,,74,190,"chickamauga, ga.",wr,10,0,1,0,1,0.0,0.0,0,0,0,0,0,0.0,0.0,,,,,,,,,,,,,,
"o'neal, caleb",2019,,74,190,"chickamauga, ga.",wr,12,12,0,0,0,0.0,0.0,0,0,0,0,0,0.0,0.0,10.0,0.0,1.0,0.0,1.0,0.0,0.0,0.0,0.0,0.0,0.0,0.0,0.0,0.0
"o'neal, caleb",2021,,74,200,"chickamauga, ga.",wr,13,12,1,0,1,0.0,0.0,0,0,0,0,0,0.0,0.0,12.0,12.0,0.0,0.0,0.0,0.0,0.0,0.0,0.0,0.0,0.0,0.0,0.0,0.0
"outlaw, sam",2017,,73,213,"cumming, ga.",rb,7,0,0,0,0,0.0,0.0,0,0,0,0,0,0.0,0.0,,,,,,,,,,,,,,
"outlaw, sam",2018,,73,221,"cumming, ga.",rb,2,0,0,0,0,0.0,0.0,0,0,0,0,0,0.0,0.0,7.0,0.0,0.0,0.0,0.0,0.0,0.0,0.0,0.0,0.0,0.0,0.0,0.0,0.0
"outlaw, sam",2019,,73,221,"cumming, ga.",rb,5,0,0,0,0,0.0,0.0,0,0,0,0,0,0.0,0.0,2.0,0.0,0.0,0.0,0.0,0.0,0.0,0.0,0.0,0.0,0.0,0.0,0.0,0.0
"parker, joel",2019,,72,240,"birmingham, ala.",dl,13,2,10,7,17,61.0,32.0,0,0,0,1,0,8.5,4.0,,,,,,,,,,,,,,
"parker, joel",2021,,72,250,"birmingham, ala.",dl,8,7,8,4,12,30.0,30.0,0,0,1,0,0,4.0,4.0,13.0,2.0,10.0,7.0,17.0,8.5,61.0,4.0,32.0,0.0,0.0,0.0,1.0,0.0
"parker, joel",2022,,72,250,"birmingham, ala.",dl,10,8,8,15,23,5.0,0.0,0,1,0,0,0,3.5,0.0,8.0,7.0,8.0,4.0,12.0,4.0,30.0,4.0,30.0,0.0,0.0,1.0,0.0,0.0
"patrick, charlie",2018,,72,215,"atlanta, ga.",lb,12,8,40,15,55,25.0,6.0,0,2,1,0,0,10.5,1.0,,,,,,,,,,,,,,
"patrick, charlie",2019,,72,215,"atlanta, ga.",lb,11,7,19,18,37,16.0,10.0,1,3,0,0,0,5.5,3.0,12.0,8.0,40.0,15.0,55.0,10.5,25.0,1.0,6.0,0.0,2.0,1.0,0.0,0.0
"paul, isaac",2023,sport management,71,160,"panama city, fla.",db,4,2,4,5,9,0.0,0.0,0,1,0,0,0,0.0,0.0,,,,,,,,,,,,,,
"paul, isaac",2024,sport management,71,170,"panama city, fla.",db,4,3,8,14,22,1.0,0.0,0,0,0,1,0,0.5,0.0,4.0,2.0,4.0,5.0,9.0,0.0,0.0,0.0,0.0,0.0,1.0,0.0,0.0,0.0
"paxton, terrell",2018,,72,304,"stone mountain, ga.",ol,3,0,0,1,1,0.0,0.0,0,0,0,0,0,0.0,0.0,,,,,,,,,,,,,,
"paxton, terrell",2019,,72,304,"stone mountain, ga.",ol,13,12,0,0,0,0.0,0.0,0,0,0,0,0,0.0,0.0,3.0,0.0,0.0,1.0,1.0,0.0,0.0,0.0,0.0,0.0,0.0,0.0,0.0,0.0
"paxton, terrell",2021,,72,310,"stone mountain, ga.",ol,11,9,0,0,0,0.0,0.0,0,0,0,0,0,0.0,0.0,13.0,12.0,0.0,0.0,0.0,0.0,0.0,0.0,0.0,0.0,0.0,0.0,0.0,0.0
"paxton, terrell",2022,,72,310,"stone mountain, ga.",ol,10,9,0,0,0,0.0,0.0,0,0,0,0,0,0.0,0.0,11.0,9.0,0.0,0.0,0.0,0.0,0.0,0.0,0.0,0.0,0.0,0.0,0.0,0.0
"paxton, terrell",2023,interdisciplinary studies,72,315,"stone mountain, ga.",ol,7,6,0,0,0,0.0,0.0,0,0,0,0,0,0.0,0.0,10.0,9.0,0.0,0.0,0.0,0.0,0.0,0.0,0.0,0.0,0.0,0.0,0.0,0.0
"perry, bryson",2018,,69,181,"canton, ga.",db,11,5,8,1,9,1.0,0.0,0,0,0,0,0,1.0,0.0,,,,,,,,,,,,,,
"perry, bryson",2019,,69,181,"canton, ga.",db,13,6,30,9,39,7.0,0.0,1,4,2,0,0,4.0,0.0,11.0,5.0,8.0,1.0,9.0,1.0,1.0,0.0,0.0,0.0,0.0,0.0,0.0,0.0
"pettway, demetrius",2018,,73,186,"phenix city, ala.",lb,13,1,14,9,23,1.0,0.0,2,4,0,0,0,0.5,0.0,,,,,,,,,,,,,,
"pettway, demetrius",2019,,73,186,"phenix city, ala.",lb,12,12,25,11,36,10.0,0.0,2,5,0,0,0,1.0,0.0,13.0,1.0,14.0,9.0,23.0,0.5,1.0,0.0,0.0,2.0,4.0,0.0,0.0,0.0
"pinholster, carter",2021,,73,190,"fort payne, ala.",wr,10,0,1,2,3,0.0,0.0,0,0,0,0,0,0.0,0.0,,,,,,,,,,,,,,
"pinholster, carter",2022,,73,190,"fort payne, ala.",wr,4,0,0,0,0,0.0,0.0,0,0,0,0,0,0.0,0.0,10.0,0.0,1.0,2.0,3.0,0.0,0.0,0.0,0.0,0.0,0.0,0.0,0.0,0.0
"porter, sidney",2023,public adminstration,72,215,"fort lauderdale, fla.",db,6,3,17,6,23,0.0,0.0,1,1,0,0,0,0.0,0.0,,,,,,,,,,,,,,
"porter, sidney",2024,coaching/diversity & community engagement,72,215,"fort lauderdale, fla.",db,4,4,9,16,25,6.0,0.0,0,1,0,0,0,2.5,0.0,6.0,3.0,17.0,6.0,23.0,0.0,0.0,0.0,0.0,1.0,1.0,0.0,0.0,0.0
"portress, tonarius",2017,,71,235,"newnan, ga.",dl,12,12,24,10,34,15.0,13.0,0,2,0,1,0,3.0,2.0,,,,,,,,,,,,,,
"pughsley, devin",2017,,73,236,"hoover, ala.",dl,14,0,8,2,10,1.0,0.0,0,0,0,0,0,1.0,0.0,,,,,,,,,,,,,,
"pughsley, devin",2018,,73,236,"hoover, ala.",ol,13,10,0,0,0,0.0,0.0,0,0,0,0,0,0.0,0.0,14.0,0.0,8.0,2.0,10.0,1.0,1.0,0.0,0.0,0.0,0.0,0.0,0.0,0.0
"radam, cade",2019,,72,205,"canton, ga.",rb,2,0,1,0,1,0.0,0.0,0,0,0,0,0,0.0,0.0,,,,,,,,,,,,,,
"radam, cade",2021,,72,205,"canton, ga.",rb,2,0,0,0,0,0.0,0.0,0,0,0,0,0,0.0,0.0,2.0,0.0,1.0,0.0,1.0,0.0,0.0,0.0,0.0,0.0,0.0,0.0,0.0,0.0
"ralls, akebren",2017,,70,171,"forsyth, ga.",db,14,14,34,5,39,8.0,0.0,3,15,2,0,0,3.0,0.0,,,,,,,,,,,,,,
"rechsteiner, bronson",2017,,72,223,"acworth, ga.",rb,14,0,1,0,1,0.0,0.0,0,0,0,0,0,0.0,0.0,,,,,,,,,,,,,,
"rechsteiner, bronson",2018,,72,230,"acworth, ga.",rb,9,0,0,0,0,0.0,0.0,0,0,0,0,0,0.0,0.0,14.0,0.0,1.0,0.0,1.0,0.0,0.0,0.0,0.0,0.0,0.0,0.0,0.0,0.0
"rechsteiner, bronson",2019,,72,230,"acworth, ga.",rb,14,11,0,0,0,0.0,0.0,0,0,0,0,0,0.0,0.0,9.0,0.0,0.0,0.0,0.0,0.0,0.0,0.0,0.0,0.0,0.0,0.0,0.0,0.0
"reddick, xavier",2021,,73,230,"powder springs, ga.",lb,12,3,19,17,36,7.0,6.0,1,1,0,1,0,2.0,1.0,,,,,,,,,,,,,,
"redding, markell",2023,business,72,190,"pensacola, fla.",db,1,0,0,1,1,0.0,0.0,0,0,0,0,0,0.0,0.0,,,,,,,,,,,,,,
"redding, markell",2024,management,72,190,"pensacola, fla.",db,2,0,0,1,1,0.0,0.0,0,0,0,0,0,0.0,0.0,1.0,0.0,0.0,1.0,1.0,0.0,0.0,0.0,0.0,0.0,0.0,0.0,0.0,0.0
"reed, tj",2017,,69,173,"daphne, ala.",rb,14,2,2,0,2,0.0,0.0,0,0,0,0,0,0.0,0.0,,,,,,,,,,,,,,
"reed, tj",2018,,69,173,"daphne, ala.",rb,11,0,1,0,1,0.0,0.0,0,0,0,0,0,0.0,0.0,14.0,2.0,2.0,0.0,2.0,0.0,0.0,0.0,0.0,0.0,0.0,0.0,0.0,0.0
"reed, tj",2019,,69,173,"daphne, ala.",rb,14,2,0,0,0,0.0,0.0,0,0,0,0,0,0.0,0.0,11.0,0.0,1.0,0.0,1.0,0.0,0.0,0.0,0.0,0.0,0.0,0.0,0.0,0.0
"reese, kerick",2019,,74,220,"stockbridge, ga.",dl,4,0,2,0,2,4.0,0.0,0,0,0,0,0,2.0,0.0,,,,,,,,,,,,,,
"reese, kerick",2021,,74,220,"stockbridge, ga.",dl,11,7,25,14,39,33.0,26.0,0,0,1,0,0,8.0,3.5,4.0,0.0,2.0,0.0,2.0,2.0,4.0,0.0,0.0,0.0,0.0,0.0,0.0,0.0
"remy, charles",2022,,73,215,"kennesaw, ga.",lb,9,0,4,6,10,4.0,2.0,0,0,0,0,0,1.5,1.0,,,,,,,,,,,,,,
"richeson, jaden",2023,business marketing,74,225,"virginia beach, va.",dl,2,0,0,1,1,0.0,0.0,0,0,0,0,0,0.0,0.0,,,,,,,,,,,,,,
"robertson, nathan",2018,,70,160,"columbus, ga.",k,13,0,0,0,0,0.0,0.0,0,0,0,0,0,0.0,0.0,,,,,,,,,,,,,,
"robertson, nathan",2019,,70,160,"columbus, ga.",k,14,0,0,0,0,0.0,0.0,0,0,0,0,0,0.0,0.0,13.0,0.0,0.0,0.0,0.0,0.0,0.0,0.0,0.0,0.0,0.0,0.0,0.0,0.0
"robertson, nathan",2021,,70,160,"columbus, ga.",k,11,0,1,0,1,0.0,0.0,0,0,0,0,0,0.0,0.0,14.0,0.0,0.0,0.0,0.0,0.0,0.0,0.0,0.0,0.0,0.0,0.0,0.0,0.0
"robertson, nathan",2022,,70,160,"columbus, ga.",k,6,0,0,0,0,0.0,0.0,0,0,0,0,0,0.0,0.0,11.0,0.0,1.0,0.0,1.0,0.0,0.0,0.0,0.0,0.0,0.0,0.0,0.0,0.0
"robinson, bryce",2024,business administration,78,265,"winston, ga.",ls,4,0,2,1,3,0.0,0.0,0,0,1,1,0,0.0,0.0,,,,,,,,,,,,,,
"roman, keon",2017,,72,181,"miami, fla.",db,13,7,21,7,28,0.0,0.0,4,8,0,0,0,0.0,0.0,,,,,,,,,,,,,,
"rucks, jamar",2023,interdisciplinary studies,75,230,"buford, ga.",dl,3,2,1,5,6,1.0,0.0,0,0,0,0,0,0.5,0.0,,,,,,,,,,,,,,
"rucks, jamar",2024,interdisciplinary studies,75,230,"buford, ga.",olb,4,0,0,4,4,0.0,0.0,0,0,0,0,0,0.0,0.0,3.0,2.0,1.0,5.0,6.0,0.5,1.0,0.0,0.0,0.0,0.0,0.0,0.0,0.0
"sam, izzy",2017,,71,221,"buford, ga.",lb,14,14,51,33,84,37.0,24.0,0,1,0,0,0,8.0,2.0,,,,,,,,,,,,,,
"sawyer, nick",2023,business administration,71,170,"harvest, ala.",db,5,0,1,3,4,0.0,0.0,0,0,0,0,0,0.0,0.0,,,,,,,,,,,,,,
"sawyer, nick",2024,interdisciplinary studies,71,170,"harvest, ala.",db,4,0,1,1,2,0.0,0.0,0,0,0,0,0,0.0,0.0,5.0,0.0,1.0,3.0,4.0,0.0,0.0,0.0,0.0,0.0,0.0,0.0,0.0,0.0
"scarver, amir",2023,computer science,72,210,"douglasville, ga.",lb,1,0,1,2,3,0.0,0.0,0,0,0,0,0,0.0,0.0,,,,,,,,,,,,,,
"scarver, amir",2024,cybersecurity,72,210,"douglasville, ga.",lb,2,0,2,3,5,7.0,0.0,0,0,0,0,0,1.0,0.0,1.0,0.0,1.0,2.0,3.0,0.0,0.0,0.0,0.0,0.0,0.0,0.0,0.0,0.0
"scott, desmond",2018,,72,305,"pinson, ala.",dl,13,0,10,7,17,4.0,0.0,0,0,0,0,0,2.5,0.0,,,,,,,,,,,,,,
"scott, desmond",2019,,72,305,"pinson, ala.",dl,14,14,10,10,20,11.0,3.0,0,0,0,0,0,2.5,1.0,13.0,0.0,10.0,7.0,17.0,2.5,4.0,0.0,0.0,0.0,0.0,0.0,0.0,0.0
"scott, desmond",2021,,72,285,"pinson, ala.",dl,12,12,8,14,22,9.0,7.0,0,0,0,1,1,2.5,1.5,14.0,14.0,10.0,10.0,20.0,2.5,11.0,1.0,3.0,0.0,0.0,0.0,0.0,0.0
"scott, desmond",2022,,72,285,"pinson, ala.",dl,8,5,4,12,16,15.0,11.0,0,1,1,0,0,2.5,1.5,12.0,12.0,8.0,14.0,22.0,2.5,9.0,1.5,7.0,0.0,0.0,0.0,1.0,1.0
"scott, tyler",2021,,73,300,"jackson, ga.",dl,12,1,4,7,11,2.0,0.0,0,0,0,0,1,1.0,0.0,,,,,,,,,,,,,,
"scott, tyler",2022,,73,310,"jackson, ga.",dl,1,0,0,0,0,0.0,0.0,0,0,0,0,0,0.0,0.0,12.0,1.0,4.0,7.0,11.0,1.0,2.0,0.0,0.0,0.0,0.0,0.0,0.0,1.0
"scott, tyler",2023,sport management,73,315,"jackson, ga.",dl,6,4,4,4,8,1.0,0.0,0,0,0,0,0,1.0,0.0,1.0,0.0,0.0,0.0,0.0,0.0,0.0,0.0,0.0,0.0,0.0,0.0,0.0,0.0
"scott, tyler",2024,sport management,73,310,"jackson, ga.",dl,4,0,1,2,3,0.0,0.0,0,0,0,0,0,0.0,0.0,6.0,4.0,4.0,4.0,8.0,1.0,1.0,0.0,0.0,0.0,0.0,0.0,0.0,0.0
"shepherd, xavier",2019,,72,190,"nashville, tenn.",qb,4,0,0,0,0,0.0,0.0,0,0,0,0,0,0.0,0.0,,,,,,,,,,,,,,
"shepherd, xavier",2021,,72,205,"nashville, tenn.",qb,13,12,1,0,1,0.0,0.0,0,0,0,0,0,0.0,0.0,4.0,0.0,0.0,0.0,0.0,0.0,0.0,0.0,0.0,0.0,0.0,0.0,0.0,0.0
"shepherd, xavier",2022,,72,205,"nashville, tenn.",qb,9,7,1,0,1,0.0,0.0,0,0,0,0,0,0.0,0.0,13.0,12.0,1.0,0.0,1.0,0.0,0.0,0.0,0.0,0.0,0.0,0.0,0.0,0.0
"silas, juandarion",2022,,73,200,"athens, ga.",lb,6,5,16,11,27,13.0,0.0,0,1,2,0,0,3.0,0.0,,,,,,,,,,,,,,
"silas, juandarion",2023,construction management,73,205,"athens, ga.",lb,4,1,8,9,17,9.0,9.0,0,0,0,0,0,1.0,1.0,6.0,5.0,16.0,11.0,27.0,3.0,13.0,0.0,0.0,0.0,1.0,2.0,0.0,0.0
"silas, juandarion",2024,organizational and professional comm,73,215,"athens, ga.",olb,4,3,5,13,18,3.0,2.0,0,0,0,0,0,1.5,1.0,4.0,1.0,8.0,9.0,17.0,1.0,9.0,1.0,9.0,0.0,0.0,0.0,0.0,0.0
"singletary, java'n",2021,,72,195,"bonaire, ga.",db,9,8,16,18,34,2.0,0.0,1,3,1,0,0,0.5,0.0,,,,,,,,,,,,,,
"smith, irving",2021,,68,200,"dallas, ga.",rb,9,4,1,0,1,0.0,0.0,0,0,0,0,0,0.0,0.0,,,,,,,,,,,,,,
"snowden, nicolas",2017,,71,187,"snellville, ga.",db,13,0,7,0,7,0.0,0.0,0,0,0,1,0,0.0,0.0,,,,,,,,,,,,,,
"snowden, nicolas",2018,,71,189,"snellville, ga.",db,10,0,4,1,5,2.0,0.0,0,2,0,0,0,1.5,0.0,13.0,0.0,7.0,0.0,7.0,0.0,0.0,0.0,0.0,0.0,0.0,0.0,1.0,0.0
"spottsville, welton",2021,,72,220,"havelock, n.c.",db,10,3,17,12,29,5.0,5.0,1,3,0,0,0,1.0,1.0,,,,,,,,,,,,,,
"sumpter, justin",2017,,75,214,"tyrone, ga.",wr,14,14,1,0,1,0.0,0.0,0,0,0,0,0,0.0,0.0,,,,,,,,,,,,,,
"sumpter, justin",2018,,75,217,"tyrone, ga.",wr,10,9,0,0,0,0.0,0.0,0,0,0,0,0,0.0,0.0,14.0,14.0,1.0,0.0,1.0,0.0,0.0,0.0,0.0,0.0,0.0,0.0,0.0,0.0
"taylor, kareem",2019,,72,223,"rincon, ga.",lb,12,8,30,26,56,32.0,10.0,0,0,1,0,0,10.0,1.5,,,,,,,,,,,,,,
"taylor, rj",2022,,75,195,"gulf shores, ala.",dl,3,0,0,1,1,0.0,0.0,0,0,0,0,0,0.0,0.0,,,,,,,,,,,,,,
"taylor, rj",2023,sports medicine,75,220,"gulf shores, ala.",dl,2,0,0,0,0,0.0,0.0,0,0,0,0,0,0.0,0.0,3.0,0.0,0.0,1.0,1.0,0.0,0.0,0.0,0.0,0.0,0.0,0.0,0.0,0.0
"taylor, rj",2024,integrated health science,75,225,"gulf shores, ala.",olb,3,1,2,1,3,6.0,0.0,0,0,0,0,0,1.0,0.0,2.0,0.0,0.0,0.0,0.0,0.0,0.0,0.0,0.0,0.0,0.0,0.0,0.0,0.0
"terrance  bulock, jr.",2017,,70,174,"marietta, ga.",db,11,0,4,4,8,0.0,0.0,0,0,0,0,0,0.0,0.0,,,,,,,,,,,,,,
"thomas, ronnie",2022,,70,180,"warner robbins, ga.",ls,4,0,1,1,2,0.0,0.0,0,0,0,0,0,0.0,0.0,,,,,,,,,,,,,,
"thompson, evan",2021,,72,210,"clermont, fla.",lb,13,10,62,56,118,17.0,4.0,0,4,0,1,0,12.0,2.0,,,,,,,,,,,,,,
"thompson, justin",2017,,70,156,"evans, ga.",,14,0,0,0,0,0.0,0.0,0,0,0,0,0,0.0,0.0,,,,,,,,,,,,,,
"thompson, justin",2018,,70,168,"evans, ga.",,13,0,0,0,0,0.0,0.0,0,0,0,0,0,0.0,0.0,14.0,0.0,0.0,0.0,0.0,0.0,0.0,0.0,0.0,0.0,0.0,0.0,0.0,0.0
"trawick, tremayne",2017,,76,186,"savannah, ga.",db,14,0,2,0,2,0.0,0.0,0,0,0,0,0,0.0,0.0,,,,,,,,,,,,,,
"walker, dorian",2017,,72,196,"tallulah, la.",db,14,7,30,10,40,6.0,1.0,2,5,1,0,0,5.0,1.0,,,,,,,,,,,,,,
"walker, dorian",2018,,72,181,"tallulah, la.",db,13,12,34,4,38,5.0,0.0,3,7,0,1,0,3.0,0.0,14.0,7.0,30.0,10.0,40.0,5.0,6.0,1.0,1.0,2.0,5.0,1.0,0.0,0.0
"walker, dorian",2019,,72,181,"tallulah, la.",db,13,9,21,4,25,1.0,0.0,1,1,0,3,0,1.0,0.0,13.0,12.0,34.0,4.0,38.0,3.0,5.0,0.0,0.0,3.0,7.0,0.0,1.0,0.0
"walker, jordan",2017,,74,180,"savannah, ga.",wr,11,1,0,0,0,0.0,0.0,0,0,0,0,0,0.0,0.0,,,,,,,,,,,,,,
"walker, jordan",2018,,74,178,"savannah, ga.",wr,9,3,0,0,0,0.0,0.0,0,0,0,0,0,0.0,0.0,11.0,1.0,0.0,0.0,0.0,0.0,0.0,0.0,0.0,0.0,0.0,0.0,0.0,0.0
"walker, thomarius",2023,interdisciplinary studies,73,310,"pensacola, fla.",dl,4,4,5,12,17,6.0,6.0,0,0,0,0,0,1.0,1.0,,,,,,,,,,,,,,
"walker, thomarius",2024,interdisciplinary studies,73,305,"pensacola, fla.",dl,4,4,3,11,14,2.0,0.0,0,0,0,0,0,2.0,0.0,4.0,4.0,5.0,12.0,17.0,1.0,6.0,1.0,6.0,0.0,0.0,0.0,0.0,0.0
"wallace, tykeem",2022,,69,160,"thomasville, ga.",rb,10,0,1,1,2,0.0,0.0,0,0,0,0,0,0.0,0.0,,,,,,,,,,,,,,
"wallace, tykeem",2023,criminal justice,69,165,"thomasville, ga.",wr,8,0,3,0,3,0.0,0.0,0,0,0,0,0,0.0,0.0,10.0,0.0,1.0,1.0,2.0,0.0,0.0,0.0,0.0,0.0,0.0,0.0,0.0,0.0
"wallace, tykeem",2024,criminal justice,69,165,"thomasville, ga.",wr,4,3,0,0,0,0.0,0.0,0,0,0,0,0,0.0,0.0,8.0,0.0,3.0,0.0,3.0,0.0,0.0,0.0,0.0,0.0,0.0,0.0,0.0,0.0
"ward, antonio",2022,,72,210,"snellville, ga.",lb,8,0,3,3,6,0.0,0.0,0,1,0,0,0,0.0,0.0,,,,,,,,,,,,,,
"warrior, ryan",2017,,75,245,"fayetteville, ga.",ol,12,12,0,0,0,0.0,0.0,0,0,0,0,0,0.0,0.0,,,,,,,,,,,,,,
"watkins, adam",2021,,72,285,"dacula, ga.",dl,4,0,0,2,2,0.0,0.0,0,0,0,0,0,0.0,0.0,,,,,,,,,,,,,,
"watkins, adam",2022,,72,285,"dacula, ga.",dl,11,0,7,14,21,24.0,24.0,0,0,0,0,0,2.5,2.5,4.0,0.0,0.0,2.0,2.0,0.0,0.0,0.0,0.0,0.0,0.0,0.0,0.0,0.0
"watkins, adam",2023,integrated health science,72,285,"dacula, ga.",dl,7,3,12,8,20,9.0,7.0,0,1,0,0,0,3.0,2.0,11.0,0.0,7.0,14.0,21.0,2.5,24.0,2.5,24.0,0.0,0.0,0.0,0.0,0.0
"watkins, adam",2024,integrated health science,72,300,"dacula, ga.",dl,4,0,1,6,7,1.0,0.0,0,0,0,0,0,1.0,0.0,7.0,3.0,12.0,8.0,20.0,3.0,9.0,2.0,7.0,0.0,1.0,0.0,0.0,0.0
"white, jace",2017,,73,185,"dallas, ga.",db,12,12,44,7,51,1.0,0.0,3,7,1,0,0,1.0,0.0,,,,,,,,,,,,,,
"white, jace",2018,,73,181,"dallas, ga.",db,13,12,37,12,49,24.0,9.0,1,1,0,0,0,3.5,1.0,12.0,12.0,44.0,7.0,51.0,1.0,1.0,0.0,0.0,3.0,7.0,1.0,0.0,0.0
"white, myles",2017,,72,182,"warner robins, ga.",rb,14,0,3,0,3,0.0,0.0,0,0,0,0,0,0.0,0.0,,,,,,,,,,,,,,
"williams, jayven",2022,,74,170,"mobile, ala.",db,10,0,1,0,1,0.0,0.0,0,0,0,0,0,0.0,0.0,,,,,,,,,,,,,,
"williams, jayven",2023,education,74,170,"mobile, ala.",db,4,4,18,5,23,7.0,4.0,0,3,0,0,0,2.5,0.5,10.0,0.0,1.0,0.0,1.0,0.0,0.0,0.0,0.0,0.0,0.0,0.0,0.0,0.0
"williams, jayven",2024,health and phyiscal activity leadership,74,175,"mobile, ala.",db,4,0,5,5,10,0.0,0.0,1,1,1,0,0,1.0,1.0,4.0,4.0,18.0,5.0,23.0,2.5,7.0,0.5,4.0,0.0,3.0,0.0,0.0,0.0
"williams, joe",2022,,72,170,"thomasville, ga.",db,6,0,2,5,7,0.0,0.0,0,0,0,0,0,0.0,0.0,,,,,,,,,,,,,,
"wimberly, brenton",2017,,74,213,"albany, ga.",lb,14,1,29,19,48,1.0,1.0,1,1,0,0,0,1.0,1.0,,,,,,,,,,,,,,
"woods, jerrod",2021,,73,205,"leesburg, ga.",lb,1,0,0,0,0,0.0,0.0,0,0,0,0,0,0.0,0.0,,,,,,,,,,,,,,
"woods, jerrod",2022,,73,210,"leesburg, ga.",lb,7,1,7,9,16,9.0,5.0,0,0,0,0,0,2.5,1.0,1.0,0.0,0.0,0.0,0.0,0.0,0.0,0.0,0.0,0.0,0.0,0.0,0.0,0.0
"young, braylon",2017,,72,246,"alcoa, tenn.",dl,3,0,2,2,4,0.0,0.0,0,0,0,0,0,0.0,0.0,,,,,,,,,,,,,,
