Name,Position,Major,Height,Weight,Year,Hometown,Season,Rush Attempts,Rush Yards,Rush Touchdowns,Rush Longest,Rush Rush attempt yards pct,Rush Yards per game avg,Receiving Recep,Receiving Yards,Receiving Touchdowns,Receiving Longest,Receiving Per game,Receiving Yards comp pct,Receiving Yards game pct,Defense Solo,Defense Assist,Defense Total,Defense Tfl yards,Defense Sacks yards,Defense Interceptions,Defense Pass defl,Defense Forced fumble,Defense Fumb rec,Defense Blocked,Games Played,Games Started,Year_Scraped,Height_inches
Will  Haigler,WR,,"6'1""",210,Jr.,"Tallahassee, Fla.",2021,1.0,1.0,0.0,1.0,1.0,0.1,11.0,158.0,0.0,32.0,0.8,14.4,12.2,0.0,0.0,0.0,0.0,0.0,0.0,0.0,0.0,0.0,0.0,13.0,9.0,2021,73
Donte Justice,DB,,"5'11""",180,So.,"Gordon, Ga.",2021,0.0,0.0,0.0,0.0,0.0,0.0,0.0,0.0,0.0,0.0,0.0,0.0,0.0,6.0,3.0,9.0,0.0,0.0,0.0,0.0,0.0,0.0,0.0,9.0,1.0,2021,71
Adeolu Adeleke,RB,,"5'10""",185,Sr.,"Conyers, Ga.",2021,53.0,377.0,2.0,61.0,7.1,31.4,14.0,223.0,2.0,42.0,1.2,15.9,18.6,2.0,0.0,2.0,0.0,0.0,0.0,0.0,0.0,0.0,0.0,12.0,7.0,2021,70
Java'n Singletary,DB,,"6'0""",195,Jr.,"Bonaire, Ga.",2021,0.0,0.0,0.0,0.0,0.0,0.0,0.0,0.0,0.0,0.0,0.0,0.0,0.0,16.0,18.0,34.0,0.5,0.0,1.0,3.0,1.0,0.0,0.0,9.0,8.0,2021,72
Iaan Cousin,RB,,"6'0""",165,So.,"Carrollton, Ga.",2021,47.0,479.0,4.0,54.0,10.2,36.8,14.0,337.0,2.0,55.0,1.1,24.1,25.9,1.0,0.0,1.0,0.0,0.0,0.0,0.0,0.0,0.0,0.0,13.0,4.0,2021,72
Kyle Glover,RB,,"5'11""",215,Gr.,"Eastman, Ga.",2021,134.0,655.0,1.0,48.0,4.9,50.4,4.0,70.0,1.0,25.0,0.3,17.5,5.4,0.0,2.0,2.0,0.0,0.0,0.0,0.0,0.0,0.0,0.0,13.0,12.0,2021,71
Xavier Shepherd,QB,,"6'0""",205,So.,"Nashville, Tenn.",2021,240.0,867.0,23.0,56.0,3.6,66.7,0.0,0.0,0.0,0.0,0.0,0.0,0.0,1.0,0.0,1.0,0.0,0.0,0.0,0.0,0.0,0.0,0.0,13.0,12.0,2021,72
Sharmari Reed,DB,,"6'0""",190,So.,"Fayetteville, Ga.",2021,0.0,0.0,0.0,0.0,0.0,0.0,0.0,0.0,0.0,0.0,0.0,0.0,0.0,0.0,0.0,0.0,0.0,0.0,0.0,0.0,0.0,0.0,0.0,0.0,0.0,2021,72
Jonathan Murphy,QB,,"6'0""",195,Jr.,"Los Angeles, Calif.",2021,64.0,359.0,4.0,36.0,5.6,51.3,0.0,0.0,0.0,0.0,0.0,0.0,0.0,1.0,0.0,1.0,0.0,0.0,0.0,0.0,0.0,0.0,0.0,7.0,0.0,2021,72
Welton Spottsville,DB,,"6'0""",220,Jr.,"Havelock, N.C.",2021,0.0,0.0,0.0,0.0,0.0,0.0,0.0,0.0,0.0,0.0,0.0,0.0,0.0,17.0,12.0,29.0,1.0,1.0,1.0,3.0,0.0,0.0,0.0,10.0,3.0,2021,72
DeAngelo Hardy,QB,,"5'10""",175,So.,"Chattanooga, Tenn.",2021,12.0,26.0,0.0,8.0,2.2,3.3,0.0,0.0,0.0,0.0,0.0,0.0,0.0,0.0,0.0,0.0,0.0,0.0,0.0,0.0,0.0,0.0,0.0,8.0,0.0,2021,70
Je'Cory  Burks,DB,,"6'0""",195,Jr.,"Perry, Ga.",2021,0.0,0.0,0.0,0.0,0.0,0.0,0.0,0.0,0.0,0.0,0.0,0.0,0.0,17.0,12.0,29.0,0.0,0.0,0.0,5.0,0.0,0.0,0.0,13.0,12.0,2021,72
Isaac Foster,RB,,"5'10""",170,Sr.,"Summerville, Ga.",2021,8.0,51.0,0.0,14.0,6.4,17.0,1.0,12.0,0.0,12.0,0.3,12.0,4.0,0.0,0.0,0.0,0.0,0.0,0.0,0.0,0.0,0.0,0.0,3.0,3.0,2021,70
Xavier Hill,WR,,"6'2""",200,So.,"Pleasant Grove, Ala.",2021,0.0,0.0,0.0,0.0,0.0,0.0,9.0,152.0,4.0,56.0,1.0,16.9,16.9,0.0,0.0,0.0,0.0,0.0,0.0,0.0,0.0,0.0,0.0,9.0,2.0,2021,74
Ryan Harris,DB,,"5'10""",180,So.,"Irmo, S.C.",2021,0.0,0.0,0.0,0.0,0.0,0.0,0.0,0.0,0.0,0.0,0.0,0.0,0.0,4.0,2.0,6.0,0.0,0.0,0.0,0.0,0.0,0.0,0.0,13.0,1.0,2021,70
Nykeem Farrow,RB,,"5'9""",170,So.,"Cochran, Ga.",2021,41.0,323.0,2.0,44.0,7.9,24.8,6.0,100.0,1.0,52.0,0.5,16.7,7.7,0.0,0.0,0.0,0.0,0.0,0.0,0.0,0.0,0.0,0.0,13.0,5.0,2021,69
Chavis Marshall,WR,,"6'3""",190,Jr.,"Sylvester, Ga.",2021,0.0,0.0,0.0,0.0,0.0,0.0,1.0,22.0,0.0,22.0,0.1,22.0,1.8,0.0,0.0,0.0,0.0,0.0,0.0,0.0,0.0,0.0,0.0,12.0,0.0,2021,75
Arendez Fedd,QB,,"6'1""",215,Fr.,"Locust Grove, Ga.",2021,0.0,0.0,0.0,0.0,0.0,0.0,0.0,0.0,0.0,0.0,0.0,0.0,0.0,0.0,0.0,0.0,0.0,0.0,0.0,0.0,0.0,0.0,0.0,1.0,0.0,2021,73
Oscar Gonzalez,WR,,"6'4""",235,Jr.,"Dalton, Ga.",2021,0.0,0.0,0.0,0.0,0.0,0.0,0.0,0.0,0.0,0.0,0.0,0.0,0.0,0.0,0.0,0.0,0.0,0.0,0.0,0.0,0.0,0.0,0.0,9.0,1.0,2021,76
Ladarius Clardy,QB,,"6'0""",170,So.,"Pensacola, Fla.",2021,0.0,0.0,0.0,0.0,0.0,0.0,0.0,0.0,0.0,0.0,0.0,0.0,0.0,0.0,0.0,0.0,0.0,0.0,0.0,0.0,0.0,0.0,0.0,0.0,0.0,2021,72
Erwin Byrd,DB,,"5'10""",180,So.,"Powder Springs, Ga.",2021,0.0,0.0,0.0,0.0,0.0,0.0,0.0,0.0,0.0,0.0,0.0,0.0,0.0,19.0,10.0,29.0,1.0,1.0,2.0,6.0,0.0,0.0,0.0,12.0,9.0,2021,70
Elijah Kirby,DB,,"6'1""",205,So.,"Sandy Springs, Ga.",2021,0.0,0.0,0.0,0.0,0.0,0.0,0.0,0.0,0.0,0.0,0.0,0.0,0.0,2.0,0.0,2.0,0.0,0.0,0.0,0.0,0.0,0.0,0.0,8.0,0.0,2021,73
Markeith  Montgomery,DB,,"5'10""",195,Jr.,"Flintstone, Ga.",2021,0.0,0.0,0.0,0.0,0.0,0.0,0.0,0.0,0.0,0.0,0.0,0.0,0.0,19.0,14.0,33.0,1.0,0.0,2.0,4.0,0.0,1.0,0.0,12.0,5.0,2021,70
Kemari McGowan,RB,,"5'10""",175,So.,"Murfreesboro, Tenn.",2021,0.0,0.0,0.0,0.0,0.0,0.0,0.0,0.0,0.0,0.0,0.0,0.0,0.0,0.0,0.0,0.0,0.0,0.0,0.0,0.0,0.0,0.0,0.0,1.0,0.0,2021,70
Deontre Morris,DB,,"5'11""",175,Fr.,"Atlanta, Ga.",2021,0.0,0.0,0.0,0.0,0.0,0.0,0.0,0.0,0.0,0.0,0.0,0.0,0.0,1.0,0.0,1.0,0.0,0.0,0.0,0.0,0.0,0.0,0.0,2.0,0.0,2021,71
Jeremiah Compton,DB,,"6'1""",190,Jr.,"Waverly, Ga.",2021,0.0,0.0,0.0,0.0,0.0,0.0,0.0,0.0,0.0,0.0,0.0,0.0,0.0,0.0,0.0,0.0,0.0,0.0,0.0,0.0,0.0,0.0,0.0,0.0,0.0,2021,73
Gabriel Benyard,RB,,"5'10""",180,Fr.,"Ocilla, Ga.",2021,14.0,90.0,1.0,49.0,6.4,6.9,5.0,73.0,2.0,30.0,0.4,14.6,5.6,2.0,0.0,2.0,0.0,0.0,0.0,0.0,0.0,0.0,0.0,13.0,2.0,2021,70
Cade Loden,DB,,"6'0""",175,So.,"St. Mary's, Ga.",2021,0.0,0.0,0.0,0.0,0.0,0.0,0.0,0.0,0.0,0.0,0.0,0.0,0.0,3.0,1.0,4.0,0.0,0.0,0.0,0.0,0.0,0.0,0.0,11.0,0.0,2021,72
Jack Plummer,RB,,"5'7""",185,Sr.,"Buford, Ga.",2021,0.0,0.0,0.0,0.0,0.0,0.0,0.0,0.0,0.0,0.0,0.0,0.0,0.0,0.0,0.0,0.0,0.0,0.0,0.0,0.0,0.0,0.0,0.0,2.0,0.0,2021,67
Tykeem Wallace,RB,,"5'9""",170,Fr.,"Thomasville, Ga.",2021,0.0,0.0,0.0,0.0,0.0,0.0,0.0,0.0,0.0,0.0,0.0,0.0,0.0,0.0,0.0,0.0,0.0,0.0,0.0,0.0,0.0,0.0,0.0,0.0,0.0,2021,69
Preston Daniels,RB,,"5'11""",250,So.,"Sandersville, Ga.",2021,72.0,301.0,0.0,26.0,4.2,25.1,0.0,0.0,0.0,0.0,0.0,0.0,0.0,0.0,0.0,0.0,0.0,0.0,0.0,0.0,0.0,0.0,0.0,12.0,0.0,2021,71
Chance Gamble,DB,,"6'2""",165,Fr.,"Fitzgerald, Ga.",2021,0.0,0.0,0.0,0.0,0.0,0.0,0.0,0.0,0.0,0.0,0.0,0.0,0.0,6.0,1.0,7.0,1.0,0.0,1.0,3.0,1.0,0.0,0.0,5.0,0.0,2021,74
Montrel Jenkins,LB,,"6'0""",200,Fr.,"Acworth, Ga.",2021,0.0,0.0,0.0,0.0,0.0,0.0,0.0,0.0,0.0,0.0,0.0,0.0,0.0,1.0,3.0,4.0,0.0,0.0,0.0,0.0,0.0,0.0,0.0,8.0,0.0,2021,72
Cole Loden,DB,,"5'11""",185,Sr.,"St. Mary's, Ga.",2021,0.0,0.0,0.0,0.0,0.0,0.0,0.0,0.0,0.0,0.0,0.0,0.0,0.0,28.0,16.0,44.0,0.0,0.0,1.0,5.0,0.0,0.0,0.0,13.0,9.0,2021,71
Caleb Brown,DB,,"6'2""",150,So.,"Douglasville, Ga.",2021,0.0,0.0,0.0,0.0,0.0,0.0,0.0,0.0,0.0,0.0,0.0,0.0,0.0,0.0,0.0,0.0,0.0,0.0,0.0,0.0,0.0,0.0,0.0,6.0,0.0,2021,74
Marquis Ledet,RB,,"6'0""",190,So.,"Marietta, Ga.",2021,1.0,11.0,0.0,11.0,11.0,1.4,0.0,0.0,0.0,0.0,0.0,0.0,0.0,0.0,1.0,1.0,0.0,0.0,0.0,0.0,0.0,0.0,0.0,8.0,0.0,2021,72
Cade Radam,RB,,"6'0""",205,So.,"Canton, Ga.",2021,0.0,0.0,0.0,0.0,0.0,0.0,0.0,0.0,0.0,0.0,0.0,0.0,0.0,0.0,0.0,0.0,0.0,0.0,0.0,0.0,0.0,0.0,0.0,2.0,0.0,2021,72
Quandarius Smith,RB,,"5'11""",205,Fr.,"Gainesville, Fla.",2021,0.0,0.0,0.0,0.0,0.0,0.0,0.0,0.0,0.0,0.0,0.0,0.0,0.0,0.0,0.0,0.0,0.0,0.0,0.0,0.0,0.0,0.0,0.0,1.0,0.0,2021,71
Zaire Scotland,RB,,"6'1""",220,Fr.,"Seneca, S.C.",2021,0.0,0.0,0.0,0.0,0.0,0.0,0.0,0.0,0.0,0.0,0.0,0.0,0.0,0.0,0.0,0.0,0.0,0.0,0.0,0.0,0.0,0.0,0.0,3.0,0.0,2021,73
Irving Smith,RB,,"5'8""",200,Sr.,"Dallas, Ga.",2021,9.0,58.0,0.0,40.0,6.4,6.4,4.0,88.0,0.0,34.0,0.4,22.0,9.8,1.0,0.0,1.0,0.0,0.0,0.0,0.0,0.0,0.0,0.0,9.0,4.0,2021,68
Dylan Hand,DB,,"6'0""",195,Fr.,"Dacula, Ga.",2021,0.0,0.0,0.0,0.0,0.0,0.0,0.0,0.0,0.0,0.0,0.0,0.0,0.0,4.0,3.0,7.0,0.0,0.0,1.0,2.0,0.0,0.0,0.0,10.0,0.0,2021,72
William Jenkins,LB,,"6'0""",200,So.,"Decatur, Ga.",2021,0.0,0.0,0.0,0.0,0.0,0.0,0.0,0.0,0.0,0.0,0.0,0.0,0.0,1.0,0.0,1.0,0.0,0.0,0.0,0.0,0.0,0.0,0.0,3.0,0.0,2021,72
Gavin Marts,RB,,"6'0""",230,So.,"Jacksonville, Fla.",2021,20.0,79.0,0.0,8.0,4.0,9.9,0.0,0.0,0.0,0.0,0.0,0.0,0.0,1.0,2.0,3.0,0.0,0.0,0.0,0.0,0.0,0.0,0.0,8.0,0.0,2021,72
Garland Benyard,LB,,"6'1""",190,Fr.,"Ocilla, Ga.",2021,0.0,0.0,0.0,0.0,0.0,0.0,0.0,0.0,0.0,0.0,0.0,0.0,0.0,15.0,20.0,35.0,2.0,0.0,0.0,2.0,0.0,1.0,1.0,13.0,6.0,2021,73
Jerrod Woods,LB,,"6'1""",205,Fr.,"Leesburg, Ga.",2021,0.0,0.0,0.0,0.0,0.0,0.0,0.0,0.0,0.0,0.0,0.0,0.0,0.0,0.0,0.0,0.0,0.0,0.0,0.0,0.0,0.0,0.0,0.0,1.0,0.0,2021,73
Charles Remy,LB,,"6'1""",210,Fr.,"Kennesaw, Ga.",2021,0.0,0.0,0.0,0.0,0.0,0.0,0.0,0.0,0.0,0.0,0.0,0.0,0.0,0.0,0.0,0.0,0.0,0.0,0.0,0.0,0.0,0.0,0.0,0.0,0.0,2021,73
Jalen Barnum,LB,,"6'1""",210,So.,"Jesup, Ga.",2021,0.0,0.0,0.0,0.0,0.0,0.0,0.0,0.0,0.0,0.0,0.0,0.0,0.0,8.0,1.0,9.0,0.0,0.0,0.0,2.0,0.0,0.0,0.0,7.0,0.0,2021,73
Xavier Reddick,LB,,"6'1""",230,Gr.,"Powder Springs, Ga.",2021,0.0,0.0,0.0,0.0,0.0,0.0,0.0,0.0,0.0,0.0,0.0,0.0,0.0,19.0,17.0,36.0,2.0,1.0,1.0,1.0,0.0,1.0,0.0,12.0,3.0,2021,73
Zane McCracken,LS,,"6'2""",200,So.,"Calhoun, Ga.",2021,0.0,0.0,0.0,0.0,0.0,0.0,0.0,0.0,0.0,0.0,0.0,0.0,0.0,0.0,0.0,0.0,0.0,0.0,0.0,0.0,0.0,0.0,0.0,1.0,0.0,2021,74
Yesiah Clemons,RB,,"5'10""",200,So.,"Griffin, Ga.",2021,1.0,-2.0,0.0,0.0,-2.0,-0.2,0.0,0.0,0.0,0.0,0.0,0.0,0.0,2.0,3.0,5.0,0.0,0.0,0.0,0.0,0.0,0.0,0.0,11.0,0.0,2021,70
Evan Thompson,LB,,"6'0""",210,Jr.,"Clermont, Fla.",2021,0.0,0.0,0.0,0.0,0.0,0.0,0.0,0.0,0.0,0.0,0.0,0.0,0.0,62.0,56.0,118.0,12.0,2.0,0.0,4.0,0.0,1.0,0.0,13.0,10.0,2021,72
Terrell Paxton,OL,,"6'0""",310,Jr.,"Stone Mountain, Ga.",2021,0.0,0.0,0.0,0.0,0.0,0.0,0.0,0.0,0.0,0.0,0.0,0.0,0.0,0.0,0.0,0.0,0.0,0.0,0.0,0.0,0.0,0.0,0.0,11.0,9.0,2021,72
Kelcy  Allen,DL,,"6'1""",240,Jr.,"Smith Station, Ala.",2021,0.0,0.0,0.0,0.0,0.0,0.0,0.0,0.0,0.0,0.0,0.0,0.0,0.0,4.0,4.0,8.0,1.0,0.0,0.0,0.0,0.0,1.0,0.0,9.0,4.0,2021,73
Demetric Barnes,DL,,"6'4""",295,So.,"Stone Mountain, Ga.",2021,0.0,0.0,0.0,0.0,0.0,0.0,0.0,0.0,0.0,0.0,0.0,0.0,0.0,7.0,4.0,11.0,1.0,1.0,0.0,0.0,0.0,0.0,0.0,11.0,0.0,2021,76
Tyler Scott,DL,,"6'1""",300,So.,"Jackson, Ga.",2021,0.0,0.0,0.0,0.0,0.0,0.0,0.0,0.0,0.0,0.0,0.0,0.0,0.0,4.0,7.0,11.0,1.0,0.0,0.0,0.0,0.0,0.0,1.0,12.0,1.0,2021,73
Jake Lassiter,OL,,"6'1""",240,Gr.,"Coral Springs, Fla.",2021,0.0,0.0,0.0,0.0,0.0,0.0,0.0,0.0,0.0,0.0,0.0,0.0,0.0,0.0,0.0,0.0,0.0,0.0,0.0,0.0,0.0,0.0,0.0,11.0,10.0,2021,73
Cameron Donald,DL,,"6'1""",250,So.,"Pelzer, S.C.",2021,0.0,0.0,0.0,0.0,0.0,0.0,0.0,0.0,0.0,0.0,0.0,0.0,0.0,0.0,0.0,0.0,0.0,0.0,0.0,0.0,0.0,0.0,0.0,2.0,0.0,2021,73
Jordan Love,OL,,"6'2""",290,Fr.,"Rockledge, Fla.",2021,0.0,0.0,0.0,0.0,0.0,0.0,0.0,0.0,0.0,0.0,0.0,0.0,0.0,0.0,0.0,0.0,0.0,0.0,0.0,0.0,0.0,0.0,0.0,5.0,0.0,2021,74
Jahon Myers,DL,,"6'3""",250,So.,"Luella, Ga.",2021,0.0,0.0,0.0,0.0,0.0,0.0,0.0,0.0,0.0,0.0,0.0,0.0,0.0,6.0,6.0,12.0,2.5,1.0,0.0,1.0,0.0,0.0,0.0,13.0,1.0,2021,75
Jadyn Walker,LB,,"6'0""",210,Fr.,"Acworth, Ga.",2021,0.0,0.0,0.0,0.0,0.0,0.0,0.0,0.0,0.0,0.0,0.0,0.0,0.0,0.0,0.0,0.0,0.0,0.0,0.0,0.0,0.0,0.0,0.0,9.0,0.0,2021,72
Tyler Moore,DL,,"6'1""",250,Sr.,"Phenix City, Ala.",2021,0.0,0.0,0.0,0.0,0.0,0.0,0.0,0.0,0.0,0.0,0.0,0.0,0.0,11.0,12.0,23.0,1.0,1.0,0.0,0.0,3.0,1.0,0.0,13.0,5.0,2021,73
Steven Carter,LB,,"6'1""",220,Fr.,"Newnan, Ga.",2021,0.0,0.0,0.0,0.0,0.0,0.0,0.0,0.0,0.0,0.0,0.0,0.0,0.0,0.0,0.0,0.0,0.0,0.0,0.0,0.0,0.0,0.0,0.0,0.0,0.0,2021,73
Devin Floyd,OL,,"6'1""",270,So.,"Rome, Ga.",2021,0.0,0.0,0.0,0.0,0.0,0.0,0.0,0.0,0.0,0.0,0.0,0.0,0.0,0.0,0.0,0.0,0.0,0.0,0.0,0.0,0.0,0.0,0.0,3.0,0.0,2021,73
Darron Willis,OL,,"6'2""",240,So.,"Alpharetta, Ga.",2021,0.0,0.0,0.0,0.0,0.0,0.0,0.0,0.0,0.0,0.0,0.0,0.0,0.0,0.0,0.0,0.0,0.0,0.0,0.0,0.0,0.0,0.0,0.0,1.0,0.0,2021,74
Tristan Love,OL,,"6'2""",300,Jr.,"Rockledge, Fla.",2021,0.0,0.0,0.0,0.0,0.0,0.0,0.0,0.0,0.0,0.0,0.0,0.0,0.0,0.0,0.0,0.0,0.0,0.0,0.0,0.0,0.0,0.0,0.0,11.0,0.0,2021,74
Zion Katina,OL,,"6'2""",285,Jr.,"Franklin, Tenn.",2021,0.0,0.0,0.0,0.0,0.0,0.0,0.0,0.0,0.0,0.0,0.0,0.0,0.0,1.0,0.0,1.0,0.0,0.0,0.0,0.0,0.0,0.0,0.0,10.0,10.0,2021,74
Jacob Potter,LS,,"6'0""",235,Sr.,"Adairsville, Ga.",2021,0.0,0.0,0.0,0.0,0.0,0.0,0.0,0.0,0.0,0.0,0.0,0.0,0.0,0.0,0.0,0.0,0.0,0.0,0.0,0.0,0.0,0.0,0.0,13.0,0.0,2021,72
Chance Bates,LB,,"6'0""",240,Sr.,"Muscle Shoals, Ala.",2021,0.0,0.0,0.0,0.0,0.0,0.0,0.0,0.0,0.0,0.0,0.0,0.0,0.0,28.0,20.0,48.0,0.5,0.0,1.0,2.0,0.0,0.0,0.0,13.0,11.0,2021,72
Colton Steele,OL,,"6'3""",295,Fr.,"Jefferson, Ga.",2021,0.0,0.0,0.0,0.0,0.0,0.0,0.0,0.0,0.0,0.0,0.0,0.0,0.0,0.0,0.0,0.0,0.0,0.0,0.0,0.0,0.0,0.0,0.0,1.0,0.0,2021,75
Matt Olson,OL,,"6'3""",295,Sr.,"Cumming, Ga.",2021,0.0,0.0,0.0,0.0,0.0,0.0,0.0,0.0,0.0,0.0,0.0,0.0,0.0,0.0,0.0,0.0,0.0,0.0,0.0,0.0,0.0,0.0,0.0,11.0,10.0,2021,75
Trenton Jackson,OL,,"6'0""",310,So.,"Hattiesburg, Miss.",2021,0.0,0.0,0.0,0.0,0.0,0.0,0.0,0.0,0.0,0.0,0.0,0.0,0.0,0.0,0.0,0.0,0.0,0.0,0.0,0.0,0.0,0.0,0.0,8.0,3.0,2021,72
Ben Moran,P,,"6'1""",165,Fr.,"Acworth, Ga.",2021,0.0,-9.0,0.0,0.0,0.0,-0.7,0.0,0.0,0.0,0.0,0.0,0.0,0.0,0.0,0.0,0.0,0.0,0.0,0.0,0.0,0.0,0.0,0.0,13.0,0.0,2021,73
James Dawson,OL,,"6'1""",295,So.,"Opelika, Ala.",2021,0.0,0.0,0.0,0.0,0.0,0.0,0.0,0.0,0.0,0.0,0.0,0.0,0.0,0.0,0.0,0.0,0.0,0.0,0.0,0.0,0.0,0.0,0.0,9.0,4.0,2021,73
Ryan Worley,OL,,"6'2""",260,Fr.,"Pensacola, Fla.",2021,0.0,0.0,0.0,0.0,0.0,0.0,0.0,0.0,0.0,0.0,0.0,0.0,0.0,0.0,0.0,0.0,0.0,0.0,0.0,0.0,0.0,0.0,0.0,0.0,0.0,2021,74
Desmond Scott,DL,,"6'0""",285,Sr.,"Pinson, Ala.",2021,0.0,0.0,0.0,0.0,0.0,0.0,0.0,0.0,0.0,0.0,0.0,0.0,0.0,8.0,14.0,22.0,2.5,1.5,0.0,0.0,0.0,1.0,1.0,12.0,12.0,2021,72
Hall O'Neal,OL,,"6'2""",255,So.,"Atlanta, Ga.",2021,0.0,0.0,0.0,0.0,0.0,0.0,0.0,0.0,0.0,0.0,0.0,0.0,0.0,0.0,0.0,0.0,0.0,0.0,0.0,0.0,0.0,0.0,0.0,7.0,0.0,2021,74
Sean Brown,OL,,"6'2""",265,Sr.,"Macon, Ga.",2021,0.0,0.0,0.0,0.0,0.0,0.0,0.0,0.0,0.0,0.0,0.0,0.0,0.0,0.0,0.0,0.0,0.0,0.0,0.0,0.0,0.0,0.0,0.0,0.0,0.0,2021,74
William Nana Fabu,OL,,"6'1""",275,Sr.,"Columbus, Ga.",2021,0.0,0.0,0.0,0.0,0.0,0.0,0.0,0.0,0.0,0.0,0.0,0.0,0.0,0.0,0.0,0.0,0.0,0.0,0.0,0.0,0.0,0.0,0.0,9.0,8.0,2021,73
Conor Cummins,K,,"6'1""",175,Fr.,"Marietta, Ga.",2021,0.0,0.0,0.0,0.0,0.0,0.0,0.0,0.0,0.0,0.0,0.0,0.0,0.0,2.0,0.0,2.0,0.0,0.0,0.0,0.0,0.0,0.0,0.0,3.0,0.0,2021,73
William Calhoun,OL,,"6'2""",295,Fr.,"Suwanee, Ga.",2021,0.0,0.0,0.0,0.0,0.0,0.0,0.0,0.0,0.0,0.0,0.0,0.0,0.0,0.0,0.0,0.0,0.0,0.0,0.0,0.0,0.0,0.0,0.0,0.0,0.0,2021,74
Gabriel Thompson,OL,,"6'4""",240,Fr.,"Zephyrhills, Fla.",2021,0.0,0.0,0.0,0.0,0.0,0.0,0.0,0.0,0.0,0.0,0.0,0.0,0.0,0.0,0.0,0.0,0.0,0.0,0.0,0.0,0.0,0.0,0.0,1.0,0.0,2021,76
Ben  Hollars,OL,,"6'1""",270,Fr.,"Dallas, Ga.",2021,0.0,0.0,0.0,0.0,0.0,0.0,0.0,0.0,0.0,0.0,0.0,0.0,0.0,0.0,0.0,0.0,0.0,0.0,0.0,0.0,0.0,0.0,0.0,0.0,0.0,2021,73
Traveon Latimore,WR,,"6'1""",200,So.,"Colbert, Ga.",2021,0.0,0.0,0.0,0.0,0.0,0.0,0.0,0.0,0.0,0.0,0.0,0.0,0.0,0.0,0.0,0.0,0.0,0.0,0.0,0.0,0.0,0.0,0.0,7.0,0.0,2021,73
Connor Finer,TE,,"6'2""",220,Fr.,"New Port Richey, Fla.",2021,0.0,0.0,0.0,0.0,0.0,0.0,0.0,0.0,0.0,0.0,0.0,0.0,0.0,0.0,0.0,0.0,0.0,0.0,0.0,0.0,0.0,0.0,0.0,1.0,0.0,2021,74
Blake Bohannon,WR,,"6'1""",165,Fr.,"Woodstock, Ga.",2021,0.0,0.0,0.0,0.0,0.0,0.0,0.0,0.0,0.0,0.0,0.0,0.0,0.0,1.0,0.0,1.0,0.0,0.0,0.0,0.0,0.0,0.0,0.0,4.0,0.0,2021,73
Landon Kardian,WR,,"6'4""",210,Fr.,"Atlanta, Ga.",2021,0.0,0.0,0.0,0.0,0.0,0.0,0.0,0.0,0.0,0.0,0.0,0.0,0.0,0.0,0.0,0.0,0.0,0.0,0.0,0.0,0.0,0.0,0.0,0.0,0.0,2021,76
Caleb O'Neal,WR,,"6'2""",200,Gr.,"Chickamauga, Ga.",2021,0.0,0.0,0.0,0.0,0.0,0.0,19.0,323.0,5.0,51.0,1.5,17.0,24.8,1.0,0.0,1.0,0.0,0.0,0.0,0.0,0.0,0.0,0.0,13.0,12.0,2021,74
Nathan Robertson,K,,"5'10""",160,Sr.,"Columbus, Ga.",2021,0.0,0.0,0.0,0.0,0.0,0.0,0.0,0.0,0.0,0.0,0.0,0.0,0.0,1.0,0.0,1.0,0.0,0.0,0.0,0.0,0.0,0.0,0.0,11.0,0.0,2021,70
Evan Fuller,K,,"6'0""",215,So.,"Bremen, Ga.",2021,0.0,0.0,0.0,0.0,0.0,0.0,0.0,0.0,0.0,0.0,0.0,0.0,0.0,0.0,0.0,0.0,0.0,0.0,0.0,0.0,0.0,0.0,0.0,1.0,0.0,2021,72
Clayton Nelson,WR,,"6'0""",185,Jr.,"Buford, Ga.",2021,0.0,0.0,0.0,0.0,0.0,0.0,0.0,0.0,0.0,0.0,0.0,0.0,0.0,0.0,0.0,0.0,0.0,0.0,0.0,0.0,0.0,0.0,0.0,1.0,0.0,2021,72
Zechariah Jones,WR,,"6'3""",175,Fr.,"Madison, Fla.",2021,0.0,0.0,0.0,0.0,0.0,0.0,0.0,0.0,0.0,0.0,0.0,0.0,0.0,0.0,0.0,0.0,0.0,0.0,0.0,0.0,0.0,0.0,0.0,0.0,0.0,2021,75
Finn Hazel-Polkinghorne,DL,,"6'4""",280,Fr.,"Williamstown, Australia",2021,0.0,0.0,0.0,0.0,0.0,0.0,0.0,0.0,0.0,0.0,0.0,0.0,0.0,1.0,0.0,1.0,0.0,0.0,0.0,0.0,0.0,0.0,0.0,1.0,0.0,2021,76
Carlos Allen,DL,,"6'0""",285,So.,"Atlanta, Ga.",2021,0.0,0.0,0.0,0.0,0.0,0.0,0.0,0.0,0.0,0.0,0.0,0.0,0.0,4.0,10.0,14.0,3.0,1.0,0.0,0.0,0.0,0.0,0.0,9.0,0.0,2021,72
Jayden Barron,DL,,"6'2""",285,Jr.,"Thomaston, Ga.",2021,0.0,0.0,0.0,0.0,0.0,0.0,0.0,0.0,0.0,0.0,0.0,0.0,0.0,0.0,0.0,0.0,0.0,0.0,0.0,0.0,0.0,0.0,0.0,0.0,0.0,2021,74
Kerick Reese,DL,,"6'2""",220,So.,"Stockbridge, Ga.",2021,0.0,0.0,0.0,0.0,0.0,0.0,0.0,0.0,0.0,0.0,0.0,0.0,0.0,25.0,14.0,39.0,8.0,3.5,0.0,0.0,1.0,0.0,0.0,11.0,7.0,2021,74
Dominique Marshall,WR,,"6'1""",190,Fr.,"Valdosta, Ga.",2021,0.0,0.0,0.0,0.0,0.0,0.0,0.0,0.0,0.0,0.0,0.0,0.0,0.0,0.0,0.0,0.0,0.0,0.0,0.0,0.0,0.0,0.0,0.0,1.0,0.0,2021,73
Joel Parker,DL,,"6'0""",250,Jr.,"Birmingham, Ala.",2021,0.0,0.0,0.0,0.0,0.0,0.0,0.0,0.0,0.0,0.0,0.0,0.0,0.0,8.0,4.0,12.0,4.0,4.0,0.0,0.0,1.0,0.0,0.0,8.0,7.0,2021,72
Travis  Bell,DL,,"6'1""",280,Sr.,"Montgomery, Ala.",2021,0.0,0.0,0.0,0.0,0.0,0.0,0.0,0.0,0.0,0.0,0.0,0.0,0.0,16.0,9.0,25.0,6.0,4.0,0.0,0.0,0.0,0.0,0.0,12.0,9.0,2021,73
Joshua Huiet,P,,"6'2""",190,Fr.,"Johns Creek, Ga.",2021,0.0,0.0,0.0,0.0,0.0,0.0,0.0,0.0,0.0,0.0,0.0,0.0,0.0,0.0,0.0,0.0,0.0,0.0,0.0,0.0,0.0,0.0,0.0,2.0,0.0,2021,74
Carter Pinholster,WR,,"6'1""",190,So.,"Fort Payne, Ala.",2021,0.0,0.0,0.0,0.0,0.0,0.0,1.0,48.0,1.0,48.0,0.1,48.0,4.8,1.0,2.0,3.0,0.0,0.0,0.0,0.0,0.0,0.0,0.0,10.0,0.0,2021,73
Adam Watkins,DL,,"6'0""",285,Fr.,"Dacula, Ga.",2021,0.0,0.0,0.0,0.0,0.0,0.0,0.0,0.0,0.0,0.0,0.0,0.0,0.0,0.0,2.0,2.0,0.0,0.0,0.0,0.0,0.0,0.0,0.0,4.0,0.0,2021,72
Michael Hines,DT,,"6'2""",280,Fr.,"Hueytown, Ala.",2021,0.0,0.0,0.0,0.0,0.0,0.0,0.0,0.0,0.0,0.0,0.0,0.0,0.0,0.0,0.0,0.0,0.0,0.0,0.0,0.0,0.0,0.0,0.0,1.0,0.0,2021,74
Carson Koporc,TE,,"6'3""",240,So.,"Roswell, Ga.",2021,0.0,0.0,0.0,0.0,0.0,0.0,0.0,0.0,0.0,0.0,0.0,0.0,0.0,0.0,0.0,0.0,0.0,0.0,0.0,0.0,0.0,0.0,0.0,0.0,0.0,2021,75
Sharmari Reed,DB,,"6'0""",205,Jr.,"Fayetteville, Ga.",2022,0.0,0.0,0.0,0.0,0.0,0.0,0.0,0.0,0.0,0.0,0.0,0.0,0.0,0.0,0.0,0.0,0.0,0.0,0.0,0.0,0.0,0.0,0.0,0.0,0.0,2022,72
Iaan Cousin,RB,,"6'0""",160,Jr.,"Carrollton, Ga.",2022,8.0,12.0,0.0,20.0,1.5,2.4,11.0,146.0,0.0,28.0,2.2,13.3,29.2,0.0,0.0,0.0,0.0,0.0,0.0,0.0,0.0,0.0,0.0,5.0,1.0,2022,72
Jonathan Murphy,QB,,"6'0""",190,Sr.,"Los Angeles, Calif.",2022,107.0,386.0,9.0,57.0,3.6,64.3,0.0,0.0,0.0,0.0,0.0,0.0,0.0,0.0,0.0,0.0,0.0,0.0,0.0,0.0,0.0,0.0,0.0,6.0,3.0,2022,72
Oscar Gonzalez,WR,,"6'4""",230,Sr.,"Dalton, Ga.",2022,0.0,0.0,0.0,0.0,0.0,0.0,3.0,48.0,0.0,37.0,0.3,16.0,5.3,0.0,0.0,0.0,0.0,0.0,0.0,0.0,0.0,0.0,0.0,9.0,0.0,2022,76
Je'Cory  Burks,DB,,"6'0""",195,Sr.,"Perry, Ga.",2022,0.0,0.0,0.0,0.0,0.0,0.0,0.0,0.0,0.0,0.0,0.0,0.0,0.0,23.0,13.0,36.0,1.0,0.0,0.0,8.0,0.0,0.0,0.0,11.0,10.0,2022,72
Nykeem Farrow,RB,,"5'9""",170,Jr.,"Cochran, Ga.",2022,7.0,22.0,0.0,8.0,3.1,4.4,2.0,72.0,0.0,72.0,0.4,36.0,14.4,0.0,0.0,0.0,0.0,0.0,0.0,0.0,0.0,0.0,0.0,5.0,0.0,2022,69
Preston Daniels,RB,,"5'11""",255,Jr.,"Sandersville, Ga.",2022,84.0,423.0,4.0,46.0,5.0,47.0,1.0,19.0,1.0,19.0,0.1,19.0,2.1,0.0,0.0,0.0,0.0,0.0,0.0,0.0,0.0,0.0,0.0,9.0,8.0,2022,71
Xavier Shepherd,QB,,"6'0""",205,Jr.,"Nashville, Tenn.",2022,205.0,589.0,11.0,41.0,2.9,65.4,0.0,0.0,0.0,0.0,0.0,0.0,0.0,1.0,0.0,1.0,0.0,0.0,0.0,0.0,0.0,0.0,0.0,9.0,7.0,2022,72
Davis Bryson,QB,,"5'9""",175,Fr.,"Woodbridge, Va.",2022,0.0,0.0,0.0,0.0,0.0,0.0,0.0,0.0,0.0,0.0,0.0,0.0,0.0,0.0,0.0,0.0,0.0,0.0,0.0,0.0,0.0,0.0,0.0,1.0,0.0,2022,69
DeAngelo Hardy,QB,,"5'10""",185,Jr.,"Chattanooga, Tenn.",2022,11.0,26.0,0.0,6.0,2.4,8.7,0.0,0.0,0.0,0.0,0.0,0.0,0.0,0.0,0.0,0.0,0.0,0.0,0.0,0.0,0.0,0.0,0.0,3.0,0.0,2022,70
Gene Sledge,RB,,"6'2""",235,So.,"Huntsville, Ala.",2022,0.0,0.0,0.0,0.0,0.0,0.0,0.0,0.0,0.0,0.0,0.0,0.0,0.0,0.0,0.0,0.0,0.0,0.0,0.0,0.0,0.0,0.0,0.0,0.0,0.0,2022,74
Ryan Harris,DB,,"5'10""",170,Jr.,"Irmo, S.C.",2022,0.0,0.0,0.0,0.0,0.0,0.0,0.0,0.0,0.0,0.0,0.0,0.0,0.0,1.0,0.0,1.0,0.0,0.0,0.0,0.0,0.0,0.0,0.0,3.0,0.0,2022,70
Jayven Williams,DB,,"6'2""",170,Fr.,"Mobile, Ala.",2022,0.0,0.0,0.0,0.0,0.0,0.0,0.0,0.0,0.0,0.0,0.0,0.0,0.0,1.0,0.0,1.0,0.0,0.0,0.0,0.0,0.0,0.0,0.0,10.0,0.0,2022,74
Nick Sawyer,QB,,"5'11""",160,Fr.,"Harvest, Ala.",2022,0.0,0.0,0.0,0.0,0.0,0.0,0.0,0.0,0.0,0.0,0.0,0.0,0.0,0.0,0.0,0.0,0.0,0.0,0.0,0.0,0.0,0.0,0.0,0.0,0.0,2022,71
Jalen Barnum,LB,,"6'1""",195,Jr.,"Jesup, Ga.",2022,0.0,0.0,0.0,0.0,0.0,0.0,0.0,0.0,0.0,0.0,0.0,0.0,0.0,23.0,25.0,48.0,1.5,0.0,0.0,1.0,0.0,0.0,0.0,11.0,9.0,2022,73
Chavis Marshall,WR,,"6'3""",195,Jr.,"Sylvester, Ga.",2022,0.0,0.0,0.0,0.0,0.0,0.0,11.0,179.0,0.0,38.0,1.0,16.3,16.3,0.0,0.0,0.0,0.0,0.0,0.0,0.0,0.0,0.0,0.0,11.0,10.0,2022,75
Braden Bohannon,QB,,"6'1""",180,Fr.,"Woodstock, Ga.",2022,0.0,0.0,0.0,0.0,0.0,0.0,0.0,0.0,0.0,0.0,0.0,0.0,0.0,0.0,0.0,0.0,0.0,0.0,0.0,0.0,0.0,0.0,0.0,0.0,0.0,2022,73
Isaac Foster,RB,,"5'10""",175,Gr.,"Summerville, Ga.",2022,72.0,420.0,4.0,43.0,5.8,38.2,27.0,314.0,2.0,40.0,2.5,11.6,28.5,1.0,1.0,2.0,0.0,0.0,0.0,0.0,0.0,0.0,0.0,11.0,9.0,2022,70
Kemari McGowan,RB,,"5'10""",160,Jr.,"Murfreesboro, Tenn.",2022,0.0,0.0,0.0,0.0,0.0,0.0,0.0,0.0,0.0,0.0,0.0,0.0,0.0,0.0,0.0,0.0,0.0,0.0,0.0,0.0,0.0,0.0,0.0,0.0,0.0,2022,70
Gabriel Benyard,RB,,"5'10""",175,So.,"Ocilla, Ga.",2022,30.0,202.0,0.0,28.0,6.7,22.4,13.0,234.0,2.0,37.0,1.4,18.0,26.0,0.0,0.0,0.0,0.0,0.0,0.0,0.0,0.0,0.0,0.0,9.0,2.0,2022,70
Tykeem Wallace,RB,,"5'9""",160,So.,"Thomasville, Ga.",2022,6.0,31.0,0.0,17.0,5.2,3.1,0.0,0.0,0.0,0.0,0.0,0.0,0.0,1.0,1.0,2.0,0.0,0.0,0.0,0.0,0.0,0.0,0.0,10.0,0.0,2022,69
Deontre Morris,DB,,"5'11""",185,So.,"Atlanta, Ga.",2022,0.0,0.0,0.0,0.0,0.0,0.0,0.0,0.0,0.0,0.0,0.0,0.0,0.0,32.0,18.0,50.0,0.0,0.0,5.0,11.0,1.0,1.0,0.0,10.0,9.0,2022,71
Cade Loden,WR,,"6'0""",180,Jr.,"St. Mary's, Ga.",2022,0.0,0.0,0.0,0.0,0.0,0.0,0.0,0.0,0.0,0.0,0.0,0.0,0.0,1.0,1.0,2.0,0.0,0.0,0.0,0.0,0.0,0.0,0.0,10.0,0.0,2022,72
Markeith  Montgomery,DB,,"5'10""",185,Sr.,"Flintstone, Ga.",2022,0.0,0.0,0.0,0.0,0.0,0.0,0.0,0.0,0.0,0.0,0.0,0.0,0.0,37.0,23.0,60.0,6.0,0.0,5.0,12.0,2.0,0.0,0.0,11.0,10.0,2022,70
Elijah Kirby,DB,,"6'1""",210,Jr.,"Sandy Springs, Ga.",2022,0.0,0.0,0.0,0.0,0.0,0.0,0.0,0.0,0.0,0.0,0.0,0.0,0.0,0.0,0.0,0.0,0.0,0.0,0.0,0.0,0.0,0.0,0.0,7.0,0.0,2022,73
Qua Ashley,RB,,"5'10""",185,Fr.,"Dublin, Ga.",2022,0.0,0.0,0.0,0.0,0.0,0.0,0.0,0.0,0.0,0.0,0.0,0.0,0.0,0.0,0.0,0.0,0.0,0.0,0.0,0.0,0.0,0.0,0.0,1.0,0.0,2022,70
Chance Gamble,DB,,"6'2""",170,So.,"Fitzgerald, Ga.",2022,0.0,0.0,0.0,0.0,0.0,0.0,0.0,0.0,0.0,0.0,0.0,0.0,0.0,36.0,13.0,49.0,1.0,0.0,3.0,5.0,0.0,2.0,0.0,10.0,10.0,2022,74
Marquis Ledet,RB,,"6'0""",205,Jr.,"Marietta, Ga.",2022,7.0,15.0,0.0,4.0,2.1,1.9,1.0,5.0,0.0,5.0,0.1,5.0,0.6,0.0,0.0,0.0,0.0,0.0,0.0,0.0,0.0,0.0,0.0,8.0,1.0,2022,72
Joe Williams,DB,,"6'0""",170,Fr.,"Thomasville, Ga.",2022,0.0,0.0,0.0,0.0,0.0,0.0,0.0,0.0,0.0,0.0,0.0,0.0,0.0,2.0,5.0,7.0,0.0,0.0,0.0,0.0,0.0,0.0,0.0,6.0,0.0,2022,72
Milon Jones,DB,,"5'11""",175,Fr.,"Marietta, Ga.",2022,0.0,0.0,0.0,0.0,0.0,0.0,0.0,0.0,0.0,0.0,0.0,0.0,0.0,1.0,4.0,5.0,0.0,0.0,0.0,1.0,0.0,0.0,0.0,5.0,0.0,2022,71
Sulaiman Bah,DB,,"6'1""",190,So.,"Lilburn, Ga.",2022,0.0,0.0,0.0,0.0,0.0,0.0,0.0,0.0,0.0,0.0,0.0,0.0,0.0,0.0,0.0,0.0,0.0,0.0,0.0,0.0,0.0,0.0,0.0,1.0,0.0,2022,73
Myles Beris,DB,,"5'9""",170,So.,"Douglasville, Ga.",2022,0.0,0.0,0.0,0.0,0.0,0.0,0.0,0.0,0.0,0.0,0.0,0.0,0.0,0.0,0.0,0.0,0.0,0.0,0.0,0.0,0.0,0.0,0.0,5.0,0.0,2022,69
Dylan Hand,DB,,"6'0""",195,So.,"Dacula, Ga.",2022,0.0,0.0,0.0,0.0,0.0,0.0,0.0,0.0,0.0,0.0,0.0,0.0,0.0,4.0,2.0,6.0,0.0,0.0,1.0,1.0,0.0,0.0,0.0,9.0,1.0,2022,72
Yesiah Clemons,RB,,"5'10""",200,Jr.,"Griffin, Ga.",2022,26.0,148.0,0.0,36.0,5.7,13.5,1.0,53.0,1.0,53.0,0.1,53.0,4.8,2.0,0.0,2.0,0.0,0.0,0.0,0.0,0.0,0.0,0.0,11.0,2.0,2022,70
Michael Benefield,RB,,"5'7""",190,So.,"Atlanta, Ga.",2022,18.0,111.0,0.0,19.0,6.2,11.1,2.0,32.0,0.0,20.0,0.2,16.0,3.2,0.0,4.0,4.0,0.0,0.0,0.0,0.0,0.0,0.0,0.0,10.0,7.0,2022,67
Remington Adams,RB,,"5'6""",165,Fr.,"Kennesaw, Ga.",2022,0.0,0.0,0.0,0.0,0.0,0.0,0.0,0.0,0.0,0.0,0.0,0.0,0.0,0.0,0.0,0.0,0.0,0.0,0.0,0.0,0.0,0.0,0.0,0.0,0.0,2022,66
William Jenkins,LB,,"6'0""",215,Jr.,"Decatur, Ga.",2022,0.0,0.0,0.0,0.0,0.0,0.0,0.0,0.0,0.0,0.0,0.0,0.0,0.0,12.0,10.0,22.0,1.0,0.0,0.0,0.0,0.0,0.0,0.0,11.0,2.0,2022,72
Garland Benyard,LB,,"6'1""",200,So.,"Ocilla, Ga.",2022,0.0,0.0,0.0,0.0,0.0,0.0,0.0,0.0,0.0,0.0,0.0,0.0,0.0,29.0,21.0,50.0,7.0,3.5,1.0,3.0,0.0,2.0,0.0,11.0,10.0,2022,73
Danarius Johnson,LB,,"5'11""",195,Fr.,"Patterson, Ga.",2022,0.0,0.0,0.0,0.0,0.0,0.0,0.0,0.0,0.0,0.0,0.0,0.0,0.0,0.0,0.0,0.0,0.0,0.0,0.0,0.0,0.0,0.0,0.0,0.0,0.0,2022,71
Nehemiah McCoy,LB,,"5'10""",200,Fr.,"Ocilla, Ga.",2022,0.0,0.0,0.0,0.0,0.0,0.0,0.0,0.0,0.0,0.0,0.0,0.0,0.0,0.0,0.0,0.0,0.0,0.0,0.0,0.0,0.0,0.0,0.0,1.0,0.0,2022,70
Montrel Jenkins,LB,,"6'0""",215,So.,"Acworth, Ga.",2022,0.0,0.0,0.0,0.0,0.0,0.0,0.0,0.0,0.0,0.0,0.0,0.0,0.0,18.0,18.0,36.0,2.5,1.0,0.0,0.0,1.0,0.0,0.0,11.0,0.0,2022,72
Jerrod Woods,LB,,"6'1""",210,So.,"Leesburg, Ga.",2022,0.0,0.0,0.0,0.0,0.0,0.0,0.0,0.0,0.0,0.0,0.0,0.0,0.0,7.0,9.0,16.0,2.5,1.0,0.0,0.0,0.0,0.0,0.0,7.0,1.0,2022,73
Eli Leiataua,RB,,"5'11""",215,Fr.,"Hinesville, Ga.",2022,0.0,0.0,0.0,0.0,0.0,0.0,0.0,0.0,0.0,0.0,0.0,0.0,0.0,3.0,1.0,4.0,0.0,0.0,0.0,0.0,0.0,0.0,0.0,10.0,0.0,2022,71
Rob Brown,RB,,"6'0""",205,Fr.,"Trion, Ga.",2022,0.0,0.0,0.0,0.0,0.0,0.0,0.0,0.0,0.0,0.0,0.0,0.0,0.0,0.0,0.0,0.0,0.0,0.0,0.0,0.0,0.0,0.0,0.0,2.0,0.0,2022,72
Damarion Davis,LB,,"6'0""",185,Fr.,"Lithonia, Ga.",2022,0.0,0.0,0.0,0.0,0.0,0.0,0.0,0.0,0.0,0.0,0.0,0.0,0.0,0.0,0.0,0.0,0.0,0.0,0.0,0.0,0.0,0.0,0.0,2.0,0.0,2022,72
Mike Mincey,LB,,"6'1""",230,So.,"Waycross, Ga.",2022,0.0,0.0,0.0,0.0,0.0,0.0,0.0,0.0,0.0,0.0,0.0,0.0,0.0,9.0,7.0,16.0,3.5,0.0,0.0,0.0,0.0,0.0,0.0,7.0,2.0,2022,73
Terrell Paxton,OL,,"6'0""",310,Sr.,"Stone Mountain, Ga.",2022,0.0,0.0,0.0,0.0,0.0,0.0,0.0,0.0,0.0,0.0,0.0,0.0,0.0,0.0,0.0,0.0,0.0,0.0,0.0,0.0,0.0,0.0,0.0,10.0,9.0,2022,72
Jordan Lay,RB,,"5'11""",205,Jr.,"Hartwell, Ga.",2022,51.0,141.0,0.0,11.0,2.8,14.1,0.0,0.0,0.0,0.0,0.0,0.0,0.0,2.0,0.0,2.0,0.0,0.0,0.0,0.0,0.0,0.0,0.0,10.0,0.0,2022,71
Jordan Love,OL,,"6'2""",275,So.,"Rockledge, Fla.",2022,0.0,0.0,0.0,0.0,0.0,0.0,0.0,0.0,0.0,0.0,0.0,0.0,0.0,0.0,0.0,0.0,0.0,0.0,0.0,0.0,0.0,0.0,0.0,8.0,6.0,2022,74
Antonio Ward,LB,,"6'0""",210,Jr.,"Snellville, Ga.",2022,0.0,0.0,0.0,0.0,0.0,0.0,0.0,0.0,0.0,0.0,0.0,0.0,0.0,3.0,3.0,6.0,0.0,0.0,0.0,1.0,0.0,0.0,0.0,8.0,0.0,2022,72
Donelius Johnson,LB,,"6'0""",215,Fr.,"Patterson, Ga.",2022,0.0,0.0,0.0,0.0,0.0,0.0,0.0,0.0,0.0,0.0,0.0,0.0,0.0,0.0,0.0,0.0,0.0,0.0,0.0,0.0,0.0,0.0,0.0,1.0,0.0,2022,72
Alexander Diggs,RB,,"5'9""",190,Fr.,"Snellville, Ga.",2022,0.0,0.0,0.0,0.0,0.0,0.0,0.0,0.0,0.0,0.0,0.0,0.0,0.0,0.0,0.0,0.0,0.0,0.0,0.0,0.0,0.0,0.0,0.0,3.0,0.0,2022,69
Juandarion Silas,LB,,"6'1""",200,Fr.,"Athens, Ga.",2022,0.0,0.0,0.0,0.0,0.0,0.0,0.0,0.0,0.0,0.0,0.0,0.0,0.0,16.0,11.0,27.0,3.0,0.0,0.0,1.0,2.0,0.0,0.0,6.0,5.0,2022,73
Tyler Scott,DL,,"6'1""",310,Jr.,"Jackson, Ga.",2022,0.0,0.0,0.0,0.0,0.0,0.0,0.0,0.0,0.0,0.0,0.0,0.0,0.0,0.0,0.0,0.0,0.0,0.0,0.0,0.0,0.0,0.0,0.0,1.0,0.0,2022,73
Demetric Barnes,DL,,"6'4""",235,Jr.,"Stone Mountain, Ga.",2022,0.0,0.0,0.0,0.0,0.0,0.0,0.0,0.0,0.0,0.0,0.0,0.0,0.0,7.0,2.0,9.0,0.0,0.0,0.0,0.0,0.0,1.0,0.0,10.0,1.0,2022,76
Charlie Cooper,P,,"5'11""",185,Fr.,"Tucker, Ga.",2022,0.0,0.0,0.0,0.0,0.0,0.0,0.0,0.0,0.0,0.0,0.0,0.0,0.0,0.0,0.0,0.0,0.0,0.0,0.0,0.0,0.0,0.0,0.0,4.0,0.0,2022,71
Cameron Donald,DL,,"6'1""",250,Jr.,"Pelzer, S.C.",2022,0.0,0.0,0.0,0.0,0.0,0.0,0.0,0.0,0.0,0.0,0.0,0.0,0.0,0.0,0.0,0.0,0.0,0.0,0.0,0.0,0.0,0.0,0.0,0.0,0.0,2022,73
Darron Willis,OL,,"6'2""",255,Jr.,"Alpharetta, Ga.",2022,0.0,0.0,0.0,0.0,0.0,0.0,0.0,0.0,0.0,0.0,0.0,0.0,0.0,0.0,0.0,0.0,0.0,0.0,0.0,0.0,0.0,0.0,0.0,1.0,0.0,2022,74
Jahon Myers,DL,,"6'3""",255,Jr.,"Luella, Ga.",2022,0.0,0.0,0.0,0.0,0.0,0.0,0.0,0.0,0.0,0.0,0.0,0.0,0.0,13.0,16.0,29.0,7.0,3.0,0.0,0.0,1.0,0.0,0.0,11.0,10.0,2022,75
Seth Adams,OL,,"6'3""",250,So.,"Dawsonville, Ga.",2022,0.0,0.0,0.0,0.0,0.0,0.0,0.0,0.0,0.0,0.0,0.0,0.0,0.0,0.0,0.0,0.0,0.0,0.0,0.0,0.0,0.0,0.0,0.0,4.0,1.0,2022,75
Tristan Love,OL,,"6'2""",300,Sr.,"Rockledge, Fla.",2022,0.0,0.0,0.0,0.0,0.0,0.0,0.0,0.0,0.0,0.0,0.0,0.0,0.0,0.0,0.0,0.0,0.0,0.0,0.0,0.0,0.0,0.0,0.0,10.0,0.0,2022,74
Seaburn Hines,OL,,"6'2""",305,So.,"Helena, Ala.",2022,0.0,0.0,0.0,0.0,0.0,0.0,0.0,0.0,0.0,0.0,0.0,0.0,0.0,0.0,0.0,0.0,0.0,0.0,0.0,0.0,0.0,0.0,0.0,11.0,1.0,2022,74
Matt Olson,OL,,"6'3""",285,Gr.,"Cumming, Ga.",2022,0.0,0.0,0.0,0.0,0.0,0.0,0.0,0.0,0.0,0.0,0.0,0.0,0.0,0.0,0.0,0.0,0.0,0.0,0.0,0.0,0.0,0.0,0.0,7.0,7.0,2022,75
Zion Katina,OL,,"6'2""",285,Sr.,"Franklin, Tenn.",2022,0.0,0.0,0.0,0.0,0.0,0.0,0.0,0.0,0.0,0.0,0.0,0.0,0.0,0.0,0.0,0.0,0.0,0.0,0.0,0.0,0.0,0.0,0.0,9.0,8.0,2022,74
Trenton Jackson,OL,,"6'0""",290,Jr.,"Hattiesburg, Miss.",2022,0.0,0.0,0.0,0.0,0.0,0.0,0.0,0.0,0.0,0.0,0.0,0.0,0.0,0.0,0.0,0.0,0.0,0.0,0.0,0.0,0.0,0.0,0.0,9.0,6.0,2022,72
James Dawson,OL,,"6'1""",295,Jr.,"Opelika, Ala.",2022,0.0,0.0,0.0,0.0,0.0,0.0,0.0,0.0,0.0,0.0,0.0,0.0,0.0,0.0,0.0,0.0,0.0,0.0,0.0,0.0,0.0,0.0,0.0,7.0,6.0,2022,73
Braden Whittenburg,LS,,"6'1""",195,So.,"Folkston, Ga.",2022,0.0,0.0,0.0,0.0,0.0,0.0,0.0,0.0,0.0,0.0,0.0,0.0,0.0,0.0,0.0,0.0,0.0,0.0,0.0,0.0,0.0,0.0,0.0,0.0,0.0,2022,73
Trey Butts,OL,,"6'2""",260,Fr.,"Macon, Ga.",2022,0.0,0.0,0.0,0.0,0.0,0.0,0.0,0.0,0.0,0.0,0.0,0.0,0.0,0.0,0.0,0.0,0.0,0.0,0.0,0.0,0.0,0.0,0.0,0.0,0.0,2022,74
Matthew Gilliam,OL,,"6'2""",250,So.,"Fayetteville, Ga.",2022,0.0,0.0,0.0,0.0,0.0,0.0,0.0,0.0,0.0,0.0,0.0,0.0,0.0,0.0,0.0,0.0,0.0,0.0,0.0,0.0,0.0,0.0,0.0,0.0,0.0,2022,74
Jacob Strom,OL,,"6'3""",280,Fr.,"Hazlehurst, Ga.",2022,0.0,0.0,0.0,0.0,0.0,0.0,0.0,0.0,0.0,0.0,0.0,0.0,0.0,0.0,0.0,0.0,0.0,0.0,0.0,0.0,0.0,0.0,0.0,1.0,0.0,2022,75
Nate Wright,OL,,"6'3""",255,Fr.,"Gardendale, Ala.",2022,0.0,0.0,0.0,0.0,0.0,0.0,0.0,0.0,0.0,0.0,0.0,0.0,0.0,0.0,0.0,0.0,0.0,0.0,0.0,0.0,0.0,0.0,0.0,4.0,1.0,2022,75
Hall O'Neal,OL,,"6'2""",255,Jr.,"Atlanta, Ga.",2022,0.0,0.0,0.0,0.0,0.0,0.0,0.0,0.0,0.0,0.0,0.0,0.0,0.0,0.0,0.0,0.0,0.0,0.0,0.0,0.0,0.0,0.0,0.0,4.0,1.0,2022,74
Desmond Scott,DL,,"6'0""",285,Gr.,"Pinson, Ala.",2022,0.0,0.0,0.0,0.0,0.0,0.0,0.0,0.0,0.0,0.0,0.0,0.0,0.0,4.0,12.0,16.0,2.5,1.5,0.0,1.0,1.0,0.0,0.0,8.0,5.0,2022,72
Coy Pendergrass,OL,,"6'3""",275,Fr.,"Lafayette, Ga.",2022,0.0,0.0,0.0,0.0,0.0,0.0,0.0,0.0,0.0,0.0,0.0,0.0,0.0,0.0,0.0,0.0,0.0,0.0,0.0,0.0,0.0,0.0,0.0,1.0,0.0,2022,75
Conor Cummins,K,,"6'1""",175,So.,"Marietta, Ga.",2022,0.0,0.0,0.0,0.0,0.0,0.0,0.0,0.0,0.0,0.0,0.0,0.0,0.0,1.0,1.0,2.0,0.0,0.0,0.0,0.0,0.0,0.0,0.0,11.0,0.0,2022,73
Brian Habeck,OL,,"6'3""",235,Fr.,"Jefferson, Ga.",2022,0.0,0.0,0.0,0.0,0.0,0.0,0.0,0.0,0.0,0.0,0.0,0.0,0.0,0.0,0.0,0.0,0.0,0.0,0.0,0.0,0.0,0.0,0.0,0.0,0.0,2022,75
Connor Finer,TE,,"6'2""",215,So.,"New Port Richey, Fla.",2022,0.0,0.0,0.0,0.0,0.0,0.0,1.0,29.0,0.0,29.0,0.1,29.0,2.9,0.0,1.0,1.0,0.0,0.0,0.0,0.0,0.0,0.0,0.0,10.0,0.0,2022,74
Mike Fangman,OL,,"6'1""",270,So.,"Naples, Fla.",2022,0.0,0.0,0.0,0.0,0.0,0.0,0.0,0.0,0.0,0.0,0.0,0.0,0.0,0.0,0.0,0.0,0.0,0.0,0.0,0.0,0.0,0.0,0.0,0.0,0.0,2022,73
Zane McCracken,LS,,"6'2""",200,Jr.,"Calhoun, Ga.",2022,0.0,0.0,0.0,0.0,0.0,0.0,0.0,0.0,0.0,0.0,0.0,0.0,0.0,1.0,0.0,1.0,0.0,0.0,0.0,0.0,0.0,0.0,0.0,11.0,0.0,2022,74
Clayton Nelson,WR,,"6'0""",190,Sr.,"Buford, Ga.",2022,0.0,0.0,0.0,0.0,0.0,0.0,0.0,0.0,0.0,0.0,0.0,0.0,0.0,0.0,0.0,0.0,0.0,0.0,0.0,0.0,0.0,0.0,0.0,3.0,0.0,2022,72
Blake Bohannon,WR,,"6'1""",200,So.,"Woodstock, Ga.",2022,0.0,0.0,0.0,0.0,0.0,0.0,12.0,213.0,1.0,61.0,1.1,17.8,19.4,0.0,0.0,0.0,0.0,0.0,0.0,0.0,0.0,0.0,0.0,11.0,10.0,2022,73
Ronnie Thomas,LS,,"5'10""",180,Fr.,"Warner Robbins, Ga.",2022,0.0,0.0,0.0,0.0,0.0,0.0,0.0,0.0,0.0,0.0,0.0,0.0,0.0,1.0,1.0,2.0,0.0,0.0,0.0,0.0,0.0,0.0,0.0,4.0,0.0,2022,70
Dylan Hannon,DL,,"6'2""",290,Fr.,"Alpharetta, Ga.",2022,0.0,0.0,0.0,0.0,0.0,0.0,0.0,0.0,0.0,0.0,0.0,0.0,0.0,0.0,0.0,0.0,0.0,0.0,0.0,0.0,0.0,0.0,0.0,0.0,0.0,2022,74
Rowan Darnell,WR,,"6'4""",210,Fr.,"Johns Creek, Ga.",2022,0.0,0.0,0.0,0.0,0.0,0.0,0.0,0.0,0.0,0.0,0.0,0.0,0.0,0.0,0.0,0.0,0.0,0.0,0.0,0.0,0.0,0.0,0.0,3.0,0.0,2022,76
Carter Pinholster,WR,,"6'1""",190,Jr.,"Fort Payne, Ala.",2022,0.0,0.0,0.0,0.0,0.0,0.0,0.0,0.0,0.0,0.0,0.0,0.0,0.0,0.0,0.0,0.0,0.0,0.0,0.0,0.0,0.0,0.0,0.0,4.0,0.0,2022,73
Carlos Allen,DL,,"6'0""",290,Jr.,"Atlanta, Ga.",2022,1.0,31.0,0.0,31.0,31.0,2.8,0.0,0.0,0.0,0.0,0.0,0.0,0.0,13.0,12.0,25.0,6.0,2.0,0.0,1.0,1.0,2.0,0.0,11.0,6.0,2022,72
Jayden Barron,DL,,"6'2""",280,Sr.,"Thomaston, Ga.",2022,0.0,0.0,0.0,0.0,0.0,0.0,0.0,0.0,0.0,0.0,0.0,0.0,0.0,0.0,0.0,0.0,0.0,0.0,0.0,0.0,0.0,0.0,0.0,1.0,0.0,2022,74
Carson Kent,TE,,"6'4""",230,Fr.,"Milton, Ga.",2022,0.0,0.0,0.0,0.0,0.0,0.0,0.0,0.0,0.0,0.0,0.0,0.0,0.0,0.0,0.0,0.0,0.0,0.0,0.0,0.0,0.0,0.0,0.0,1.0,0.0,2022,76
Joshua Agbenou,DL,,"6'2""",235,Jr.,"Bethlehem, Ga.",2022,0.0,0.0,0.0,0.0,0.0,0.0,0.0,0.0,0.0,0.0,0.0,0.0,0.0,0.0,0.0,0.0,0.0,0.0,0.0,0.0,0.0,0.0,0.0,0.0,0.0,2022,74
Acha Mbanwei,,,"5'11""",230,So.,"Conyers, Ga.",2022,0.0,0.0,0.0,0.0,0.0,0.0,0.0,0.0,0.0,0.0,0.0,0.0,0.0,0.0,0.0,0.0,0.0,0.0,0.0,0.0,0.0,0.0,0.0,0.0,0.0,2022,71
Joel Parker,DL,,"6'0""",250,Sr.,"Birmingham, Ala.",2022,0.0,0.0,0.0,0.0,0.0,0.0,0.0,0.0,0.0,0.0,0.0,0.0,0.0,8.0,15.0,23.0,3.5,0.0,0.0,1.0,0.0,0.0,0.0,10.0,8.0,2022,72
Travis  Bell,DL,,"6'1""",305,Gr.,"Montgomery, Ala.",2022,0.0,0.0,0.0,0.0,0.0,0.0,0.0,0.0,0.0,0.0,0.0,0.0,0.0,16.0,18.0,34.0,5.5,1.5,0.0,0.0,0.0,0.0,1.0,11.0,9.0,2022,73
Ugonna Nwoha,DL,,"6'3""",265,Fr.,"Austell, Ga.",2022,0.0,0.0,0.0,0.0,0.0,0.0,0.0,0.0,0.0,0.0,0.0,0.0,0.0,1.0,0.0,1.0,0.0,0.0,0.0,0.0,0.0,0.0,0.0,2.0,0.0,2022,75
Adam Watkins,DL,,"6'0""",285,So.,"Dacula, Ga.",2022,0.0,0.0,0.0,0.0,0.0,0.0,0.0,0.0,0.0,0.0,0.0,0.0,0.0,7.0,14.0,21.0,2.5,2.5,0.0,0.0,0.0,0.0,0.0,11.0,0.0,2022,72
Charles Remy,LB,,"6'1""",215,So.,"Kennesaw, Ga.",2022,0.0,0.0,0.0,0.0,0.0,0.0,0.0,0.0,0.0,0.0,0.0,0.0,0.0,4.0,6.0,10.0,1.5,1.0,0.0,0.0,0.0,0.0,0.0,9.0,0.0,2022,73
RJ Taylor,DL,,"6'3""",195,Fr.,"Gulf Shores, Ala.",2022,0.0,0.0,0.0,0.0,0.0,0.0,0.0,0.0,0.0,0.0,0.0,0.0,0.0,0.0,1.0,1.0,0.0,0.0,0.0,0.0,0.0,0.0,0.0,3.0,0.0,2022,75
Havik Pettigrew,OL,,"6'0""",250,Fr.,"Acworth, Ga.",2022,0.0,0.0,0.0,0.0,0.0,0.0,0.0,0.0,0.0,0.0,0.0,0.0,0.0,0.0,0.0,0.0,0.0,0.0,0.0,0.0,0.0,0.0,0.0,0.0,0.0,2022,72
Tyriek Johnson,DB,,"5'8""",175,So.,"Hoschton, Ga.",2022,0.0,0.0,0.0,0.0,0.0,0.0,0.0,0.0,0.0,0.0,0.0,0.0,0.0,0.0,0.0,0.0,0.0,0.0,0.0,0.0,0.0,0.0,0.0,0.0,0.0,2022,68
Tyler Dugger,WR,,"5'11""",195,Jr.,"Augusta, Ga.",2022,0.0,0.0,0.0,0.0,0.0,0.0,0.0,0.0,0.0,0.0,0.0,0.0,0.0,0.0,0.0,0.0,0.0,0.0,0.0,0.0,0.0,0.0,0.0,0.0,0.0,2022,71
Joshua Huiet,P,,"6'2""",205,So.,"Johns Creek, Ga.",2022,0.0,0.0,0.0,0.0,0.0,0.0,0.0,0.0,0.0,0.0,0.0,0.0,0.0,0.0,0.0,0.0,0.0,0.0,0.0,0.0,0.0,0.0,0.0,11.0,0.0,2022,74
Nathan Robertson,K,,"5'10""",160,Gr.,"Columbus, Ga.",2022,0.0,0.0,0.0,0.0,0.0,0.0,0.0,0.0,0.0,0.0,0.0,0.0,0.0,0.0,0.0,0.0,0.0,0.0,0.0,0.0,0.0,0.0,0.0,6.0,0.0,2022,70
Michael Benefield,RB,Psychology,"5'7""",200,Jr.,"Atlanta, Ga.",2023,70.0,441.0,4.0,75.0,6.3,55.1,4.0,24.0,0.0,15.0,0.5,6.0,3.0,1.0,0.0,1.0,0.0,0.0,0.0,0.0,0.0,0.0,0.0,8.0,5.0,2023,67
Garland Benyard,LB,Business Management,"6'1""",215,Jr.,"Ocilla, Ga.",2023,0.0,0.0,0.0,0.0,0.0,0.0,0.0,0.0,0.0,0.0,0.0,0.0,0.0,6.0,13.0,19.0,1.0,0.0,0.0,0.0,0.0,0.0,0.0,4.0,4.0,2023,73
Jonathan Murphy,QB,Interdisciplinary Studies,"6'0""",190,Gr.,"Los Angeles, Calif.",2023,116.0,401.0,7.0,57.0,3.5,50.1,0.0,0.0,0.0,0.0,0.0,0.0,0.0,0.0,0.0,0.0,0.0,0.0,0.0,0.0,0.0,0.0,0.0,8.0,8.0,2023,72
Blake Bohannon,WR,Business Management,"6'1""",200,Jr.,"Woodstock, Ga.",2023,0.0,0.0,0.0,0.0,0.0,0.0,7.0,152.0,1.0,55.0,0.9,21.7,19.0,0.0,0.0,0.0,0.0,0.0,0.0,0.0,0.0,0.0,0.0,8.0,8.0,2023,73
Tykeem Wallace,WR,Criminal Justice,"5'9""",165,Jr.,"Thomasville, Ga.",2023,3.0,16.0,0.0,14.0,5.3,2.0,5.0,85.0,1.0,54.0,0.6,17.0,10.6,3.0,0.0,3.0,0.0,0.0,0.0,0.0,0.0,0.0,0.0,8.0,0.0,2023,69
Isaac Foster,WR,Business Management,"5'10""",175,Gr.,"Summerville, Ga.",2023,8.0,54.0,0.0,15.0,6.8,6.8,19.0,228.0,1.0,44.0,2.4,12.0,28.5,1.0,0.0,1.0,0.0,0.0,0.0,0.0,0.0,0.0,0.0,8.0,7.0,2023,70
Gabriel Benyard,RB,Sport Management,"5'10""",185,Jr.,"Ocilla, Ga.",2023,18.0,116.0,1.0,49.0,6.4,29.0,14.0,333.0,4.0,61.0,3.5,23.8,83.3,0.0,0.0,0.0,0.0,0.0,0.0,0.0,0.0,0.0,0.0,4.0,4.0,2023,70
Preston Daniels,TE,Sport Management,"5'11""",260,Sr.,"Sandersville, Ga.",2023,10.0,54.0,1.0,20.0,5.4,6.8,8.0,87.0,0.0,30.0,1.0,10.9,10.9,0.0,1.0,1.0,0.0,0.0,0.0,0.0,0.0,0.0,0.0,8.0,4.0,2023,71
Davis Bryson,QB,Sport Management,"5'9""",190,So.,"Woodbridge, Va.",2023,13.0,139.0,2.0,36.0,10.7,46.3,0.0,0.0,0.0,0.0,0.0,0.0,0.0,0.0,0.0,0.0,0.0,0.0,0.0,0.0,0.0,0.0,0.0,3.0,0.0,2023,69
Sidney Porter,DB,Public Adminstration,"6'0""",215,Jr.,"Fort Lauderdale, Fla.",2023,0.0,0.0,0.0,0.0,0.0,0.0,0.0,0.0,0.0,0.0,0.0,0.0,0.0,17.0,6.0,23.0,0.0,0.0,1.0,1.0,0.0,0.0,0.0,6.0,3.0,2023,72
Jalen Barnum,LB,Integrated Interdisciplinary studies,"6'1""",205,Sr.,"Jesup, Ga.",2023,0.0,0.0,0.0,0.0,0.0,0.0,0.0,0.0,0.0,0.0,0.0,0.0,0.0,11.0,15.0,26.0,1.0,0.0,0.0,2.0,0.0,0.0,0.0,7.0,2.0,2023,73
Nick Sawyer,DB,Business Administration,"5'11""",170,So.,"Harvest, Ala.",2023,0.0,0.0,0.0,0.0,0.0,0.0,0.0,0.0,0.0,0.0,0.0,0.0,0.0,1.0,3.0,4.0,0.0,0.0,0.0,0.0,0.0,0.0,0.0,5.0,0.0,2023,71
Braden Bohannon,QB,Sport Management,"6'1""",180,So.,"Woodstock, Ga.",2023,0.0,0.0,0.0,0.0,0.0,0.0,0.0,0.0,0.0,0.0,0.0,0.0,0.0,0.0,0.0,0.0,0.0,0.0,0.0,0.0,0.0,0.0,0.0,1.0,0.0,2023,73
Jayven Williams,DB,Education,"6'2""",170,So.,"Mobile, Ala.",2023,0.0,0.0,0.0,0.0,0.0,0.0,0.0,0.0,0.0,0.0,0.0,0.0,0.0,18.0,5.0,23.0,2.5,0.5,0.0,3.0,0.0,0.0,0.0,4.0,4.0,2023,74
Markeith  Montgomery,DB,Sport Management,"5'10""",190,Gr.,"Flintstone, Ga.",2023,0.0,0.0,0.0,0.0,0.0,0.0,0.0,0.0,0.0,0.0,0.0,0.0,0.0,29.0,14.0,43.0,9.5,0.0,2.0,2.0,0.0,0.0,0.0,8.0,8.0,2023,70
Sulaiman Bah,DB,Information Technology,"6'1""",185,Jr.,"Lilburn, Ga.",2023,0.0,0.0,0.0,0.0,0.0,0.0,0.0,0.0,0.0,0.0,0.0,0.0,0.0,1.0,1.0,2.0,0.0,0.0,0.0,0.0,0.0,0.0,0.0,7.0,0.0,2023,73
Yesiah Clemons,RB,Business Administration,"5'10""",215,Sr.,"Griffin, Ga.",2023,24.0,126.0,0.0,14.0,5.3,15.8,2.0,2.0,0.0,1.0,0.3,1.0,0.3,3.0,2.0,5.0,0.0,0.0,0.0,0.0,0.0,0.0,0.0,8.0,0.0,2023,70
Cole McCarty,QB,Business,"5'11""",190,Fr.,"Moody, Ala.",2023,0.0,0.0,0.0,0.0,0.0,0.0,0.0,0.0,0.0,0.0,0.0,0.0,0.0,0.0,0.0,0.0,0.0,0.0,0.0,0.0,0.0,0.0,0.0,1.0,0.0,2023,71
Tyler Hallum,DB,Sports Marketing,"5'11""",180,Jr.,"Marietta, Ga.",2023,0.0,0.0,0.0,0.0,0.0,0.0,0.0,0.0,0.0,0.0,0.0,0.0,0.0,7.0,4.0,11.0,0.0,0.0,0.0,1.0,0.0,0.0,0.0,4.0,3.0,2023,71
Tyriek Johnson,DB,Criminal Justice,"5'8""",185,Jr.,"Hoschton, Ga.",2023,0.0,0.0,0.0,0.0,0.0,0.0,0.0,0.0,0.0,0.0,0.0,0.0,0.0,0.0,0.0,0.0,0.0,0.0,0.0,0.0,0.0,0.0,0.0,0.0,0.0,2023,68
Qua Ashley,RB,Integrated Health Science,"5'10""",190,So.,"Dublin, Ga.",2023,9.0,32.0,0.0,11.0,3.6,6.4,0.0,0.0,0.0,0.0,0.0,0.0,0.0,1.0,0.0,1.0,0.0,0.0,0.0,0.0,0.0,0.0,0.0,5.0,0.0,2023,70
Que Billingsley,DB,Sport Management,"6'0""",195,Fr.,"Phenix City, Ala.",2023,0.0,0.0,0.0,0.0,0.0,0.0,0.0,0.0,0.0,0.0,0.0,0.0,0.0,0.0,0.0,0.0,0.0,0.0,0.0,0.0,0.0,0.0,0.0,1.0,0.0,2023,72
Kenai Grier,RB,Exercise Science,"5'9""",200,Fr.,"Covington, Ga.",2023,2.0,26.0,1.0,17.0,13.0,26.0,0.0,0.0,0.0,0.0,0.0,0.0,0.0,0.0,0.0,0.0,0.0,0.0,0.0,0.0,0.0,0.0,0.0,1.0,0.0,2023,69
JeRico Washington Jr.,DB,Exercise Science,"5'10""",165,Fr.,"Atlanta, Ga.",2023,0.0,0.0,0.0,0.0,0.0,0.0,0.0,0.0,0.0,0.0,0.0,0.0,0.0,11.0,4.0,15.0,0.0,0.0,3.0,5.0,0.0,0.0,0.0,4.0,4.0,2023,70
David Cole,WR,Business,"6'4""",185,Fr.,"Ooltewah, Tenn.",2023,0.0,0.0,0.0,0.0,0.0,0.0,0.0,0.0,0.0,0.0,0.0,0.0,0.0,0.0,0.0,0.0,0.0,0.0,0.0,0.0,0.0,0.0,0.0,2.0,0.0,2023,76
Josh Williamson,WR,Business,"5'10""",150,Fr.,"Snellville, Ga.",2023,0.0,0.0,0.0,0.0,0.0,0.0,1.0,6.0,0.0,6.0,0.3,6.0,2.0,0.0,0.0,0.0,0.0,0.0,0.0,0.0,0.0,0.0,0.0,3.0,2.0,2023,70
Five Hamilton,DB,Business Entreprenuer,"5'10""",165,Fr.,"Stockbridge, Ga.",2023,0.0,0.0,0.0,0.0,0.0,0.0,0.0,0.0,0.0,0.0,0.0,0.0,0.0,1.0,0.0,1.0,0.0,0.0,0.0,1.0,0.0,0.0,0.0,2.0,1.0,2023,70
Rob Brown,RB,Business,"6'0""",215,So.,"Trion, Ga.",2023,3.0,11.0,0.0,7.0,3.7,1.8,0.0,0.0,0.0,0.0,0.0,0.0,0.0,1.0,0.0,1.0,0.0,0.0,0.0,0.0,0.0,0.0,0.0,6.0,0.0,2023,72
Isaac Paul,DB,Sport Management,"5'11""",160,Fr.,"Panama City, Fla.",2023,0.0,0.0,0.0,0.0,0.0,0.0,0.0,0.0,0.0,0.0,0.0,0.0,0.0,4.0,5.0,9.0,0.0,0.0,0.0,1.0,0.0,0.0,0.0,4.0,2.0,2023,71
Alexander Diggs,RB,Finance,"5'9""",200,So.,"Snellville, Ga.",2023,26.0,93.0,0.0,20.0,3.6,13.3,3.0,39.0,0.0,31.0,0.4,13.0,5.6,1.0,0.0,1.0,0.0,0.0,0.0,0.0,0.0,0.0,0.0,7.0,1.0,2023,69
DJ Scott,RB,Sport Management,"6'1""",200,Fr.,"Oviedo, Fla.",2023,9.0,53.0,1.0,11.0,5.9,53.0,0.0,0.0,0.0,0.0,0.0,0.0,0.0,0.0,0.0,0.0,0.0,0.0,0.0,0.0,0.0,0.0,0.0,1.0,0.0,2023,73
Milon Jones,DB,Finance,"5'11""",185,So.,"Marietta, Ga.",2023,0.0,0.0,0.0,0.0,0.0,0.0,0.0,0.0,0.0,0.0,0.0,0.0,0.0,0.0,0.0,0.0,0.0,0.0,0.0,0.0,0.0,0.0,0.0,8.0,0.0,2023,71
Eli Leiataua,TE,Mechanical Engineering,"5'11""",220,So.,"Hinesville, Ga.",2023,0.0,0.0,0.0,0.0,0.0,0.0,0.0,0.0,0.0,0.0,0.0,0.0,0.0,4.0,4.0,8.0,0.0,0.0,0.0,0.0,0.0,0.0,0.0,8.0,0.0,2023,71
Danarius Johnson,DB,Sport Management,"5'11""",190,So.,"Patterson, Ga.",2023,0.0,0.0,0.0,0.0,0.0,0.0,0.0,0.0,0.0,0.0,0.0,0.0,0.0,0.0,0.0,0.0,0.0,0.0,0.0,0.0,0.0,0.0,0.0,3.0,0.0,2023,71
Markell Redding,DB,Business,"6'0""",190,Fr.,"Pensacola, Fla.",2023,0.0,0.0,0.0,0.0,0.0,0.0,0.0,0.0,0.0,0.0,0.0,0.0,0.0,0.0,1.0,1.0,0.0,0.0,0.0,0.0,0.0,0.0,0.0,1.0,0.0,2023,72
Navelle Dean,WR,Exercise Science,"6'0""",185,Fr.,"Columbus, Ga.",2023,0.0,0.0,0.0,0.0,0.0,0.0,0.0,0.0,0.0,0.0,0.0,0.0,0.0,0.0,0.0,0.0,0.0,0.0,0.0,0.0,0.0,0.0,0.0,2.0,0.0,2023,72
Donelius Johnson,LB,Exercise Science,"6'0""",230,So.,"Patterson, Ga.",2023,0.0,0.0,0.0,0.0,0.0,0.0,0.0,0.0,0.0,0.0,0.0,0.0,0.0,20.0,12.0,32.0,4.0,2.0,0.0,0.0,2.0,1.0,0.0,8.0,4.0,2023,72
Juandarion Silas,LB,Construction Management,"6'1""",205,So.,"Athens, Ga.",2023,0.0,0.0,0.0,0.0,0.0,0.0,0.0,0.0,0.0,0.0,0.0,0.0,0.0,8.0,9.0,17.0,1.0,1.0,0.0,0.0,0.0,0.0,0.0,4.0,1.0,2023,73
Baron Hopson,LB,Civil Engineering,"6'1""",215,Jr.,"Leesburg, Ga.",2023,0.0,0.0,0.0,0.0,0.0,0.0,0.0,0.0,0.0,0.0,0.0,0.0,0.0,11.0,13.0,24.0,1.5,0.0,0.0,1.0,0.0,0.0,0.0,4.0,4.0,2023,73
Amir Scarver,LB,Computer Science,"6'0""",210,Fr.,"Douglasville, Ga.",2023,0.0,0.0,0.0,0.0,0.0,0.0,0.0,0.0,0.0,0.0,0.0,0.0,0.0,1.0,2.0,3.0,0.0,0.0,0.0,0.0,0.0,0.0,0.0,1.0,0.0,2023,72
Terrell Paxton,OL,Interdisciplinary Studies,"6'0""",315,Gr.,"Stone Mountain, Ga.",2023,0.0,0.0,0.0,0.0,0.0,0.0,0.0,0.0,0.0,0.0,0.0,0.0,0.0,0.0,0.0,0.0,0.0,0.0,0.0,0.0,0.0,0.0,0.0,7.0,6.0,2023,72
CJ Donaldson,DL,Undeclared,"6'3""",230,Fr.,"Metter, Ga.",2023,0.0,0.0,0.0,0.0,0.0,0.0,0.0,0.0,0.0,0.0,0.0,0.0,0.0,0.0,0.0,0.0,0.0,0.0,0.0,0.0,0.0,0.0,0.0,1.0,0.0,2023,75
Deldrick Franklin,LB,Sport Management,"6'0""",225,Fr.,"Atlanta, Ga.",2023,0.0,0.0,0.0,0.0,0.0,0.0,0.0,0.0,0.0,0.0,0.0,0.0,0.0,0.0,0.0,0.0,0.0,0.0,0.0,0.0,0.0,0.0,0.0,1.0,0.0,2023,72
Seaburn Hines,OL,Mechanical Engineering,"6'2""",305,Jr.,"Helena, Ala.",2023,0.0,0.0,0.0,0.0,0.0,0.0,0.0,0.0,0.0,0.0,0.0,0.0,0.0,0.0,0.0,0.0,0.0,0.0,0.0,0.0,0.0,0.0,0.0,6.0,4.0,2023,74
Tyler Scott,DL,Sport Management,"6'1""",315,Sr.,"Jackson, Ga.",2023,0.0,0.0,0.0,0.0,0.0,0.0,0.0,0.0,0.0,0.0,0.0,0.0,0.0,4.0,4.0,8.0,1.0,0.0,0.0,0.0,0.0,0.0,0.0,6.0,4.0,2023,73
Demetric Barnes,DL,Intergrated Studies,"6'4""",255,Sr.,"Stone Mountain, Ga.",2023,0.0,0.0,0.0,0.0,0.0,0.0,0.0,0.0,0.0,0.0,0.0,0.0,0.0,3.0,6.0,9.0,3.5,2.5,0.0,1.0,1.0,0.0,0.0,8.0,0.0,2023,76
Jaden Richeson,DL,Business Marketing,"6'2""",225,Jr.,"Virginia Beach, Va.",2023,0.0,0.0,0.0,0.0,0.0,0.0,0.0,0.0,0.0,0.0,0.0,0.0,0.0,0.0,1.0,1.0,0.0,0.0,0.0,0.0,0.0,0.0,0.0,2.0,0.0,2023,74
William Johnson,OL,Undeclared,"5'11""",260,So.,"Atlanta, Ga.",2023,0.0,0.0,0.0,0.0,0.0,0.0,0.0,0.0,0.0,0.0,0.0,0.0,0.0,0.0,0.0,0.0,0.0,0.0,0.0,0.0,0.0,0.0,0.0,0.0,0.0,2023,71
Jahon Myers,DL,Finance,"6'3""",265,Sr.,"Luella, Ga.",2023,0.0,0.0,0.0,0.0,0.0,0.0,0.0,0.0,0.0,0.0,0.0,0.0,0.0,0.0,0.0,0.0,0.0,0.0,0.0,0.0,0.0,0.0,0.0,0.0,0.0,2023,75
Cameron Donald,DL,Exercise Science,"6'1""",280,Sr.,"Pelzer, S.C.",2023,0.0,0.0,0.0,0.0,0.0,0.0,0.0,0.0,0.0,0.0,0.0,0.0,0.0,5.0,8.0,13.0,1.0,1.0,0.0,0.0,0.0,0.0,0.0,7.0,0.0,2023,73
AJ Miller,DL,Finance,"6'3""",275,Fr.,"Rock Hill, S.C.",2023,0.0,0.0,0.0,0.0,0.0,0.0,0.0,0.0,0.0,0.0,0.0,0.0,0.0,0.0,1.0,1.0,0.5,0.0,0.0,0.0,0.0,0.0,0.0,1.0,0.0,2023,75
Trey Hargrove,LB,Pyschology,"5'11""",210,Fr.,"Waycross, Ga.",2023,0.0,0.0,0.0,0.0,0.0,0.0,0.0,0.0,0.0,0.0,0.0,0.0,0.0,0.0,2.0,2.0,0.0,0.0,0.0,0.0,0.0,0.0,0.0,1.0,0.0,2023,71
Kaleb May,OL,Special Education,"6'4""",270,Fr.,"McCalla, Ala.",2023,0.0,0.0,0.0,0.0,0.0,0.0,0.0,0.0,0.0,0.0,0.0,0.0,0.0,0.0,0.0,0.0,0.0,0.0,0.0,0.0,0.0,0.0,0.0,1.0,0.0,2023,76
Darron Willis,OL,Criminal Investigation,"6'2""",270,Sr.,"Alpharetta, Ga.",2023,0.0,0.0,0.0,0.0,0.0,0.0,0.0,0.0,0.0,0.0,0.0,0.0,0.0,0.0,0.0,0.0,0.0,0.0,0.0,0.0,0.0,0.0,0.0,7.0,6.0,2023,74
Trenton Jackson,OL,Sport Management,"6'0""",300,Sr.,"Hattiesburg, Miss.",2023,0.0,0.0,0.0,0.0,0.0,0.0,0.0,0.0,0.0,0.0,0.0,0.0,0.0,0.0,0.0,0.0,0.0,0.0,0.0,0.0,0.0,0.0,0.0,2.0,0.0,2023,72
Trey Butts,OL,Finance,"6'2""",280,So.,"Macon, Ga.",2023,0.0,0.0,0.0,0.0,0.0,0.0,0.0,0.0,0.0,0.0,0.0,0.0,0.0,0.0,0.0,0.0,0.0,0.0,0.0,0.0,0.0,0.0,0.0,4.0,2.0,2023,74
James Dawson,OL,Interdisciplinary Studies,"6'1""",300,Sr.,"Opelika, Ala.",2023,0.0,0.0,0.0,0.0,0.0,0.0,0.0,0.0,0.0,0.0,0.0,0.0,0.0,0.0,0.0,0.0,0.0,0.0,0.0,0.0,0.0,0.0,0.0,5.0,5.0,2023,73
Nate Wright,OL,Construction Management,"6'3""",265,So.,"Gardendale, Ala.",2023,0.0,0.0,0.0,0.0,0.0,0.0,0.0,0.0,0.0,0.0,0.0,0.0,0.0,0.0,0.0,0.0,0.0,0.0,0.0,0.0,0.0,0.0,0.0,6.0,4.0,2023,75
Jaylan Jarrett,DL,Sport Management,"6'2""",305,Fr.,"Pike Road, Ala.",2023,0.0,0.0,0.0,0.0,0.0,0.0,0.0,0.0,0.0,0.0,0.0,0.0,0.0,1.0,0.0,1.0,0.0,0.0,0.0,0.0,0.0,0.0,0.0,1.0,0.0,2023,74
Havik Pettigrew,OL,Mechanical Engineering,"6'0""",250,So.,"Acworth, Ga.",2023,0.0,0.0,0.0,0.0,0.0,0.0,0.0,0.0,0.0,0.0,0.0,0.0,0.0,0.0,0.0,0.0,0.0,0.0,0.0,0.0,0.0,0.0,0.0,0.0,0.0,2023,72
Ramontei Dardy,DL,Business Management,"6'3""",240,Fr.,"Dublin, Ga.",2023,0.0,0.0,0.0,0.0,0.0,0.0,0.0,0.0,0.0,0.0,0.0,0.0,0.0,1.0,2.0,3.0,1.0,0.0,0.0,0.0,0.0,0.0,0.0,1.0,0.0,2023,75
Hall O'Neal,OL,Finance,"6'2""",275,Sr.,"Atlanta, Ga.",2023,0.0,0.0,0.0,0.0,0.0,0.0,0.0,0.0,0.0,0.0,0.0,0.0,0.0,0.0,0.0,0.0,0.0,0.0,0.0,0.0,0.0,0.0,0.0,6.0,0.0,2023,74
JT Pennington,OL,Interdisciplinary Studies,"6'4""",310,So.,"Wilsonville, Ala.",2023,0.0,0.0,0.0,0.0,0.0,0.0,0.0,0.0,0.0,0.0,0.0,0.0,0.0,0.0,0.0,0.0,0.0,0.0,0.0,0.0,0.0,0.0,0.0,6.0,4.0,2023,76
Ethan Newman,OL,Undeclared,"6'3""",300,Fr.,"Navarre, Fla.",2023,0.0,0.0,0.0,0.0,0.0,0.0,0.0,0.0,0.0,0.0,0.0,0.0,0.0,0.0,0.0,0.0,0.0,0.0,0.0,0.0,0.0,0.0,0.0,3.0,2.0,2023,75
Brian Habeck,OL,History Education,"6'3""",260,So.,"Jefferson, Ga.",2023,0.0,0.0,0.0,0.0,0.0,0.0,0.0,0.0,0.0,0.0,0.0,0.0,0.0,0.0,0.0,0.0,0.0,0.0,0.0,0.0,0.0,0.0,0.0,1.0,0.0,2023,75
Connor Finer,WR,Business Management,"6'2""",205,Jr.,"New Port Richey, Fla.",2023,0.0,0.0,0.0,0.0,0.0,0.0,4.0,56.0,0.0,29.0,0.5,14.0,7.0,0.0,2.0,2.0,0.0,0.0,0.0,0.0,0.0,0.0,0.0,8.0,2.0,2023,74
Dylan Hannon,DL,Finance,"6'2""",275,So.,"Alpharetta, Ga.",2023,0.0,0.0,0.0,0.0,0.0,0.0,0.0,0.0,0.0,0.0,0.0,0.0,0.0,0.0,1.0,1.0,0.0,0.0,0.0,0.0,0.0,0.0,0.0,2.0,0.0,2023,74
Carson Kent,TE,Businesss Management,"6'4""",240,So.,"Milton, Ga.",2023,0.0,0.0,0.0,0.0,0.0,0.0,14.0,165.0,0.0,35.0,1.8,11.8,20.6,1.0,0.0,1.0,0.0,0.0,0.0,0.0,0.0,0.0,0.0,8.0,5.0,2023,76
Rowan Darnell,TE,Biochemistry,"6'4""",220,So.,"Johns Creek, Ga.",2023,0.0,0.0,0.0,0.0,0.0,0.0,6.0,66.0,1.0,31.0,0.8,11.0,8.3,0.0,0.0,0.0,0.0,0.0,0.0,0.0,0.0,0.0,0.0,8.0,0.0,2023,76
Jacob Ulrich,P,Mechanical Engineering,"6'5""",200,Fr.,"Dacula, Ga.",2023,0.0,0.0,0.0,0.0,0.0,0.0,0.0,0.0,0.0,0.0,0.0,0.0,0.0,0.0,0.0,0.0,0.0,0.0,0.0,0.0,0.0,0.0,0.0,1.0,0.0,2023,77
Acha Mbanwei,,Environmental Science,"5'11""",220,Jr.,"Conyers, Ga.",2023,0.0,0.0,0.0,0.0,0.0,0.0,0.0,0.0,0.0,0.0,0.0,0.0,0.0,0.0,0.0,0.0,0.0,0.0,0.0,0.0,0.0,0.0,0.0,1.0,0.0,2023,71
Joshua Huiet,P,Finance,"6'2""",205,Jr.,"Johns Creek, Ga.",2023,0.0,0.0,0.0,0.0,0.0,0.0,0.0,0.0,0.0,0.0,0.0,0.0,0.0,0.0,0.0,0.0,0.0,0.0,0.0,0.0,0.0,0.0,0.0,8.0,0.0,2023,74
Kevin Smith,OL,Finance,"6'1""",275,Fr.,"Dacula, Ga.",2023,0.0,0.0,0.0,0.0,0.0,0.0,0.0,0.0,0.0,0.0,0.0,0.0,0.0,0.0,0.0,0.0,0.0,0.0,0.0,0.0,0.0,0.0,0.0,0.0,0.0,2023,73
Bryce Dopson,WR,Business,"6'2""",185,Fr.,"Snellville, Ga.",2023,0.0,0.0,0.0,0.0,0.0,0.0,0.0,0.0,0.0,0.0,0.0,0.0,0.0,0.0,0.0,0.0,0.0,0.0,0.0,0.0,0.0,0.0,0.0,0.0,0.0,2023,74
TJ McElmurray,WR,Nursing,"6'3""",180,Fr.,"Graniteville, S.C.",2023,0.0,0.0,0.0,0.0,0.0,0.0,0.0,0.0,0.0,0.0,0.0,0.0,0.0,0.0,0.0,0.0,0.0,0.0,0.0,0.0,0.0,0.0,0.0,3.0,1.0,2023,75
Ugonna Nwoha,DL,Cyber Security,"6'3""",255,So.,"Austell, Ga.",2023,0.0,0.0,0.0,0.0,0.0,0.0,0.0,0.0,0.0,0.0,0.0,0.0,0.0,2.0,1.0,3.0,2.0,2.0,0.0,0.0,0.0,0.0,0.0,4.0,1.0,2023,75
Joshua Agbenou,DL,Interdisciplinary Studies,"6'2""",245,Sr.,"Bethlehem, Ga.",2023,0.0,0.0,0.0,0.0,0.0,0.0,0.0,0.0,0.0,0.0,0.0,0.0,0.0,9.0,13.0,22.0,2.5,1.0,0.0,1.0,0.0,1.0,0.0,8.0,3.0,2023,74
Adam Watkins,DL,Integrated Health Science,"6'0""",285,Jr.,"Dacula, Ga.",2023,0.0,0.0,0.0,0.0,0.0,0.0,0.0,0.0,0.0,0.0,0.0,0.0,0.0,12.0,8.0,20.0,3.0,2.0,0.0,1.0,0.0,0.0,0.0,7.0,3.0,2023,72
Dennis Sims,WR,Business,"5'11""",175,Fr.,"Rockmart, Ga.",2023,0.0,0.0,0.0,0.0,0.0,0.0,0.0,0.0,0.0,0.0,0.0,0.0,0.0,0.0,0.0,0.0,0.0,0.0,0.0,0.0,0.0,0.0,0.0,0.0,0.0,2023,71
RJ Taylor,DL,Sports Medicine,"6'3""",220,So.,"Gulf Shores, Ala.",2023,0.0,0.0,0.0,0.0,0.0,0.0,0.0,0.0,0.0,0.0,0.0,0.0,0.0,0.0,0.0,0.0,0.0,0.0,0.0,0.0,0.0,0.0,0.0,2.0,0.0,2023,75
Jamar Rucks,DL,Interdisciplinary Studies,"6'3""",230,R-So.,"Buford, Ga.",2023,0.0,0.0,0.0,0.0,0.0,0.0,0.0,0.0,0.0,0.0,0.0,0.0,0.0,1.0,5.0,6.0,0.5,0.0,0.0,0.0,0.0,0.0,0.0,3.0,2.0,2023,75
Erik Calvillo,K,,"6'0""",180,Fr.,"Snellville, Ga.",2023,0.0,0.0,0.0,0.0,0.0,0.0,0.0,0.0,0.0,0.0,0.0,0.0,0.0,0.0,0.0,0.0,0.0,0.0,0.0,0.0,0.0,0.0,0.0,1.0,0.0,2023,72
Jordan Miles,DL,Interdisciplinary Studies,"6'2""",245,Jr.,"Indianapolis, Ind.",2023,0.0,0.0,0.0,0.0,0.0,0.0,0.0,0.0,0.0,0.0,0.0,0.0,0.0,12.0,10.0,22.0,3.0,1.0,0.0,1.0,0.0,0.0,0.0,8.0,8.0,2023,74
Thomarius Walker,DL,Interdisciplinary Studies,"6'1""",310,So.,"Pensacola, Fla.",2023,0.0,0.0,0.0,0.0,0.0,0.0,0.0,0.0,0.0,0.0,0.0,0.0,0.0,5.0,12.0,17.0,1.0,1.0,0.0,0.0,0.0,0.0,0.0,4.0,4.0,2023,73
Gatlin Hancock,TE,Criminal Justice,"6'3""",250,Fr.,"Rome, Ga.",2023,0.0,0.0,0.0,0.0,0.0,0.0,0.0,0.0,0.0,0.0,0.0,0.0,0.0,0.0,0.0,0.0,0.0,0.0,0.0,0.0,0.0,0.0,0.0,0.0,0.0,2023,75
